path	sha256	bytes
app/__init__.py	B06A7283B882DB61CA387DEDA67C39E3A266778BCE27788817A242F422E02169	41
app/api.py	14FE5D4CDBA1AC95203B2EC6A9FCAA59161457D1B07B35FDEEDB5D38780B3897	1438
app/appeal_router.py	9300759AF11C4F45DF460E439243E69CF9A599103D469849B6421DDA3B22E678	676
app/batch/__init__.py	0A2BF852E4F6343A279646319C63EA8F95B7EC8FF341CD1B4919F26040925059	125
app/batch/access_control.py	06102900EF8009A4E15FD2DB72BB12E7EEE83C2A9E1A5B2AB06AF8F5B5C56C13	1958
app/batch/batch_orchestrator.py	6A8C6E9CCE5D5E299276C90EB0DE3CDF0B2C9F1DA6711561B5993C6C94838F40	31441
app/batch/leaf.py	83FADCD3550364748278500F05A07306819F63E136A47B4256824DA96CABB239	10587
app/batch/leaf_format.md	83AD4A243FB0B9994E8FA2E9E81983FB92414168D81E0C216824F696AEEC6117	4684
app/batch/merkle.py	418B81CEA94FE54F8BDCD33A9710DE45FF9EDB28C3E800BA07A0F51F1596BA90	3150
app/batch/nullifier.py	7EF487EA87E9118FCABD8F30046E6ED3F6E8701186CA07D1E480C67FE070E36E	11960
app/batch/nullifier_runtime/0225ad24ed6b9256ff83286e378914eb3585996b829c9760078eb378dee1220a-batch-nullifier-transition.input.json	00E481291AEC38A086446B647BC1570CC5CA310CB4F1BFD15B85B1A7AAA48032	3464
app/batch/nullifier_runtime/0225ad24ed6b9256ff83286e378914eb3585996b829c9760078eb378dee1220a-batch-nullifier-transition.proof.json	C96AA0B40D6DBAFBFC9DD96235F42713D1FE8D49CB10AAE6B9885D89CA79194B	806
app/batch/nullifier_runtime/0225ad24ed6b9256ff83286e378914eb3585996b829c9760078eb378dee1220a-batch-nullifier-transition.public.json	8DF022BB401B13E57D5EE89DC1EE83FBAE04EE44E126CBBBDD1D0DAE644CB320	165
app/batch/nullifier_runtime/034fe717b95546a2b3309a76ed86d26a16874b2f12ef0b3a7a3bada6f760faec-batch-nullifier-transition.input.json	00E481291AEC38A086446B647BC1570CC5CA310CB4F1BFD15B85B1A7AAA48032	3464
app/batch/nullifier_runtime/034fe717b95546a2b3309a76ed86d26a16874b2f12ef0b3a7a3bada6f760faec-batch-nullifier-transition.proof.json	B459408314A7937FBAEF06951426732FAB1885C1E9CB8882F7CD4B44005A3DD9	806
app/batch/nullifier_runtime/034fe717b95546a2b3309a76ed86d26a16874b2f12ef0b3a7a3bada6f760faec-batch-nullifier-transition.public.json	8DF022BB401B13E57D5EE89DC1EE83FBAE04EE44E126CBBBDD1D0DAE644CB320	165
app/batch/nullifier_runtime/0763ae93885aa4fff9871ecdebaa7588cf2fa2e44bfbf72e167ded0a5cdc2b33-batch-nullifier-transition.input.json	00E481291AEC38A086446B647BC1570CC5CA310CB4F1BFD15B85B1A7AAA48032	3464
app/batch/nullifier_runtime/0763ae93885aa4fff9871ecdebaa7588cf2fa2e44bfbf72e167ded0a5cdc2b33-batch-nullifier-transition.proof.json	1E9D06C1B5D1821CFCAB330619DA42B15732BB7B3226B2262FA78B53F8346127	803
app/batch/nullifier_runtime/0763ae93885aa4fff9871ecdebaa7588cf2fa2e44bfbf72e167ded0a5cdc2b33-batch-nullifier-transition.public.json	8DF022BB401B13E57D5EE89DC1EE83FBAE04EE44E126CBBBDD1D0DAE644CB320	165
app/batch/nullifier_runtime/0c5983d55a232a00da9e01ebf03f29872498687a29c81c3d6932cd99e589172e-batch-nullifier-transition.input.json	00E481291AEC38A086446B647BC1570CC5CA310CB4F1BFD15B85B1A7AAA48032	3464
app/batch/nullifier_runtime/0c5983d55a232a00da9e01ebf03f29872498687a29c81c3d6932cd99e589172e-batch-nullifier-transition.proof.json	608D2F2BD14CCD55C91D5C0B8BD289A9CB6FC16331CCCFA68ADE2874BC02B997	804
app/batch/nullifier_runtime/0c5983d55a232a00da9e01ebf03f29872498687a29c81c3d6932cd99e589172e-batch-nullifier-transition.public.json	8DF022BB401B13E57D5EE89DC1EE83FBAE04EE44E126CBBBDD1D0DAE644CB320	165
app/batch/nullifier_runtime/0f29388edb70662773b7e5dd826ae171a9b7bc53ca487fd5afbc00271a4db1a7-batch-nullifier-transition.input.json	00E481291AEC38A086446B647BC1570CC5CA310CB4F1BFD15B85B1A7AAA48032	3464
app/batch/nullifier_runtime/0f29388edb70662773b7e5dd826ae171a9b7bc53ca487fd5afbc00271a4db1a7-batch-nullifier-transition.proof.json	48307A170E51F4544B6BA008D8E92C0FB80AEE12F66AC8ABD11617672718F966	805
app/batch/nullifier_runtime/0f29388edb70662773b7e5dd826ae171a9b7bc53ca487fd5afbc00271a4db1a7-batch-nullifier-transition.public.json	8DF022BB401B13E57D5EE89DC1EE83FBAE04EE44E126CBBBDD1D0DAE644CB320	165
app/batch/nullifier_runtime/10144e3800624be0eb9934e72c2e5444c6d32136a9bcd74d303c489960ecba6b-batch-nullifier-transition.input.json	00E481291AEC38A086446B647BC1570CC5CA310CB4F1BFD15B85B1A7AAA48032	3464
app/batch/nullifier_runtime/10144e3800624be0eb9934e72c2e5444c6d32136a9bcd74d303c489960ecba6b-batch-nullifier-transition.proof.json	204C5B15D3B77F66281F65A9907FC6B85E8B631209AC758CD6A3FA52EC129DDE	806
app/batch/nullifier_runtime/10144e3800624be0eb9934e72c2e5444c6d32136a9bcd74d303c489960ecba6b-batch-nullifier-transition.public.json	8DF022BB401B13E57D5EE89DC1EE83FBAE04EE44E126CBBBDD1D0DAE644CB320	165
app/batch/nullifier_runtime/110bd36cd7a0153fe5809073234e3f05343f11b38501873388b898fb065289e2-batch-nullifier-transition.input.json	F5AD52240DBDFF8835ABBB00543399ED13CE8746F7B585097F4E8AB30F759CDC	3464
app/batch/nullifier_runtime/110bd36cd7a0153fe5809073234e3f05343f11b38501873388b898fb065289e2-batch-nullifier-transition.proof.json	50C2E693A9935897FD76AA9A0B82F32C1F61F6E766D18A02BADF73F3882309DC	803
app/batch/nullifier_runtime/110bd36cd7a0153fe5809073234e3f05343f11b38501873388b898fb065289e2-batch-nullifier-transition.public.json	7C02241963B8E3E01A467607CE7A120A5ECEC44734042F4887BD6D73A2987188	165
app/batch/nullifier_runtime/146a7c4b9927aece8d0ef8927199235111c897fd0f335ee36cbbec53e06aa1cf-batch-nullifier-transition.input.json	00E481291AEC38A086446B647BC1570CC5CA310CB4F1BFD15B85B1A7AAA48032	3464
app/batch/nullifier_runtime/146a7c4b9927aece8d0ef8927199235111c897fd0f335ee36cbbec53e06aa1cf-batch-nullifier-transition.proof.json	A573A4AE529D64CAEBE43B2398891ECF3E8715D518E286D22B366B8F232462DD	807
app/batch/nullifier_runtime/146a7c4b9927aece8d0ef8927199235111c897fd0f335ee36cbbec53e06aa1cf-batch-nullifier-transition.public.json	8DF022BB401B13E57D5EE89DC1EE83FBAE04EE44E126CBBBDD1D0DAE644CB320	165
app/batch/nullifier_runtime/14fda09bc1b197ba8349e2ed6221f86c059700b3d2eda132681003ebf2f0c75a-batch-nullifier-transition.input.json	00E481291AEC38A086446B647BC1570CC5CA310CB4F1BFD15B85B1A7AAA48032	3464
app/batch/nullifier_runtime/14fda09bc1b197ba8349e2ed6221f86c059700b3d2eda132681003ebf2f0c75a-batch-nullifier-transition.proof.json	D57269F956561BC0FEDF675F004D91933716E159893C643C3521B5A0D6A82286	804
app/batch/nullifier_runtime/14fda09bc1b197ba8349e2ed6221f86c059700b3d2eda132681003ebf2f0c75a-batch-nullifier-transition.public.json	8DF022BB401B13E57D5EE89DC1EE83FBAE04EE44E126CBBBDD1D0DAE644CB320	165
app/batch/nullifier_runtime/16a737d4fdf094da984e8ca8ce11b3a140ef0c17f04d0ba35d862a5d6c68e15e-batch-nullifier-transition.input.json	00E481291AEC38A086446B647BC1570CC5CA310CB4F1BFD15B85B1A7AAA48032	3464
app/batch/nullifier_runtime/16a737d4fdf094da984e8ca8ce11b3a140ef0c17f04d0ba35d862a5d6c68e15e-batch-nullifier-transition.proof.json	5AC583389555202920B6D4A00D98A4A4C3951868E2D8377F988DE970A801726A	804
app/batch/nullifier_runtime/16a737d4fdf094da984e8ca8ce11b3a140ef0c17f04d0ba35d862a5d6c68e15e-batch-nullifier-transition.public.json	8DF022BB401B13E57D5EE89DC1EE83FBAE04EE44E126CBBBDD1D0DAE644CB320	165
app/batch/nullifier_runtime/1c1941cb9f79284283b7bdf7792acf6791b79d1d0d82e34d861c5e93697b1e77-batch-nullifier-transition.input.json	00E481291AEC38A086446B647BC1570CC5CA310CB4F1BFD15B85B1A7AAA48032	3464
app/batch/nullifier_runtime/1c1941cb9f79284283b7bdf7792acf6791b79d1d0d82e34d861c5e93697b1e77-batch-nullifier-transition.proof.json	2B94CD380A5CC775EF392A68C98E800E9CC735E9F96EED267DEA7E9CAF245993	804
app/batch/nullifier_runtime/1c1941cb9f79284283b7bdf7792acf6791b79d1d0d82e34d861c5e93697b1e77-batch-nullifier-transition.public.json	8DF022BB401B13E57D5EE89DC1EE83FBAE04EE44E126CBBBDD1D0DAE644CB320	165
app/batch/nullifier_runtime/21e4c1f25030d06fe485c525a61f904cc0f43642070c4fde3cf77cd4a05595d9-batch-nullifier-transition.input.json	00E481291AEC38A086446B647BC1570CC5CA310CB4F1BFD15B85B1A7AAA48032	3464
app/batch/nullifier_runtime/21e4c1f25030d06fe485c525a61f904cc0f43642070c4fde3cf77cd4a05595d9-batch-nullifier-transition.proof.json	269590A2BA276222EB2EBD724E72F4ACA7B06B4E82E0FCFE6A7FA0EDE402E5E3	805
app/batch/nullifier_runtime/21e4c1f25030d06fe485c525a61f904cc0f43642070c4fde3cf77cd4a05595d9-batch-nullifier-transition.public.json	8DF022BB401B13E57D5EE89DC1EE83FBAE04EE44E126CBBBDD1D0DAE644CB320	165
app/batch/nullifier_runtime/2825e3f0c200e698de029e6c7f010cebba072957bbf05cced55d2f60dd1471ea-batch-nullifier-transition.input.json	00E481291AEC38A086446B647BC1570CC5CA310CB4F1BFD15B85B1A7AAA48032	3464
app/batch/nullifier_runtime/2825e3f0c200e698de029e6c7f010cebba072957bbf05cced55d2f60dd1471ea-batch-nullifier-transition.proof.json	2BC25DFFE4F2E7173CA7C004A73744D286518DBD8A778F35D361AF1B6CC0166E	804
app/batch/nullifier_runtime/2825e3f0c200e698de029e6c7f010cebba072957bbf05cced55d2f60dd1471ea-batch-nullifier-transition.public.json	8DF022BB401B13E57D5EE89DC1EE83FBAE04EE44E126CBBBDD1D0DAE644CB320	165
app/batch/nullifier_runtime/308e5c58abdf7491f0f5bd86a4a5b46e7c261fc038ff1591bc24bcfaa4350229-batch-nullifier-transition.input.json	00E481291AEC38A086446B647BC1570CC5CA310CB4F1BFD15B85B1A7AAA48032	3464
app/batch/nullifier_runtime/308e5c58abdf7491f0f5bd86a4a5b46e7c261fc038ff1591bc24bcfaa4350229-batch-nullifier-transition.proof.json	A03AA579C2F278B8A8B6174E450B98EB0724939FA9E6BD518DA5A2500DAF728F	804
app/batch/nullifier_runtime/308e5c58abdf7491f0f5bd86a4a5b46e7c261fc038ff1591bc24bcfaa4350229-batch-nullifier-transition.public.json	8DF022BB401B13E57D5EE89DC1EE83FBAE04EE44E126CBBBDD1D0DAE644CB320	165
app/batch/nullifier_runtime/32c3822a62dbca866051e11a9564fd0a132d1f087b9e0585fab5e821b30ca770-batch-nullifier-transition.input.json	5357B99FDA3C0F3B989F658B4504E552DFCEF6BA043F82CAEC5B506E1FA01FE6	3464
app/batch/nullifier_runtime/32c3822a62dbca866051e11a9564fd0a132d1f087b9e0585fab5e821b30ca770-batch-nullifier-transition.proof.json	5231E76B9895765A390A2A0B9727E68E777D9C7A779D1779CEC66BC77721733C	804
app/batch/nullifier_runtime/32c3822a62dbca866051e11a9564fd0a132d1f087b9e0585fab5e821b30ca770-batch-nullifier-transition.public.json	4543DDEA2859FD03C48F16C0BF5F74886A6C8AB85A7E499D7E3B7BDD8F1C7190	165
app/batch/nullifier_runtime/33d661c9451d3193bbcff752717c60358b976b921c1738eeee510b6754d5a684-batch-nullifier-transition.input.json	00E481291AEC38A086446B647BC1570CC5CA310CB4F1BFD15B85B1A7AAA48032	3464
app/batch/nullifier_runtime/33d661c9451d3193bbcff752717c60358b976b921c1738eeee510b6754d5a684-batch-nullifier-transition.proof.json	B1D36A01F343F0875A49054F8FF4FC0B5BD4073B6587167095B0DDB47411C046	803
app/batch/nullifier_runtime/33d661c9451d3193bbcff752717c60358b976b921c1738eeee510b6754d5a684-batch-nullifier-transition.public.json	8DF022BB401B13E57D5EE89DC1EE83FBAE04EE44E126CBBBDD1D0DAE644CB320	165
app/batch/nullifier_runtime/377166a96e051243528e55130f7b4fde4f91b855a75bc362be857793f64f6156-batch-nullifier-transition.input.json	00E481291AEC38A086446B647BC1570CC5CA310CB4F1BFD15B85B1A7AAA48032	3464
app/batch/nullifier_runtime/377166a96e051243528e55130f7b4fde4f91b855a75bc362be857793f64f6156-batch-nullifier-transition.proof.json	A13BB1694A9224FA8A14401DBFA69485A8243719C4C4C0E8AD351FB573173859	804
app/batch/nullifier_runtime/377166a96e051243528e55130f7b4fde4f91b855a75bc362be857793f64f6156-batch-nullifier-transition.public.json	8DF022BB401B13E57D5EE89DC1EE83FBAE04EE44E126CBBBDD1D0DAE644CB320	165
app/batch/nullifier_runtime/386e640c41862a11cc1fc757ee574a304ce617202d0bfc205237cdbd650b6fad-batch-nullifier-transition.input.json	00E481291AEC38A086446B647BC1570CC5CA310CB4F1BFD15B85B1A7AAA48032	3464
app/batch/nullifier_runtime/386e640c41862a11cc1fc757ee574a304ce617202d0bfc205237cdbd650b6fad-batch-nullifier-transition.proof.json	35CCB1E0524DFEB290A5B576D4594725D2D382BE490D549AE991089CEF1CF0A4	805
app/batch/nullifier_runtime/386e640c41862a11cc1fc757ee574a304ce617202d0bfc205237cdbd650b6fad-batch-nullifier-transition.public.json	8DF022BB401B13E57D5EE89DC1EE83FBAE04EE44E126CBBBDD1D0DAE644CB320	165
app/batch/nullifier_runtime/3b25c64c4ee15f0e99d4fcf31d508317cb05b42308517f1f6a57fcbef496e8da-batch-nullifier-transition.input.json	00E481291AEC38A086446B647BC1570CC5CA310CB4F1BFD15B85B1A7AAA48032	3464
app/batch/nullifier_runtime/3b25c64c4ee15f0e99d4fcf31d508317cb05b42308517f1f6a57fcbef496e8da-batch-nullifier-transition.proof.json	E22D4F7D802E0A6EEC63536B01C51C14EE88B03A45027275A4D20871F26F2F93	802
app/batch/nullifier_runtime/3b25c64c4ee15f0e99d4fcf31d508317cb05b42308517f1f6a57fcbef496e8da-batch-nullifier-transition.public.json	8DF022BB401B13E57D5EE89DC1EE83FBAE04EE44E126CBBBDD1D0DAE644CB320	165
app/batch/nullifier_runtime/3c81bbee60a48c1d099eae41d4b0b3f24735e6597203ff0230cd85a21936a12c-batch-nullifier-transition.input.json	00E481291AEC38A086446B647BC1570CC5CA310CB4F1BFD15B85B1A7AAA48032	3464
app/batch/nullifier_runtime/3c81bbee60a48c1d099eae41d4b0b3f24735e6597203ff0230cd85a21936a12c-batch-nullifier-transition.proof.json	1BB5D6DA480B454D62F2F23FF7178BFDC7E88A02D523676D193AF8CCA9DC3F23	804
app/batch/nullifier_runtime/3c81bbee60a48c1d099eae41d4b0b3f24735e6597203ff0230cd85a21936a12c-batch-nullifier-transition.public.json	8DF022BB401B13E57D5EE89DC1EE83FBAE04EE44E126CBBBDD1D0DAE644CB320	165
app/batch/nullifier_runtime/3fe0c5902efc44bbd77d6c4e57b2eb5a9f13346f46de677e70e4ba0b77cd5ee7-batch-nullifier-transition.input.json	F5AD52240DBDFF8835ABBB00543399ED13CE8746F7B585097F4E8AB30F759CDC	3464
app/batch/nullifier_runtime/3fe0c5902efc44bbd77d6c4e57b2eb5a9f13346f46de677e70e4ba0b77cd5ee7-batch-nullifier-transition.proof.json	285A42D938ECD0C3838D82C32D60ABB421BF09D0BDEB9193B7EA2346A170AE6A	806
app/batch/nullifier_runtime/3fe0c5902efc44bbd77d6c4e57b2eb5a9f13346f46de677e70e4ba0b77cd5ee7-batch-nullifier-transition.public.json	7C02241963B8E3E01A467607CE7A120A5ECEC44734042F4887BD6D73A2987188	165
app/batch/nullifier_runtime/46411216d384ba7dbd9df7a0b3265124258e1afd1aa69ea939fcf86d3e91b3a2-batch-nullifier-transition.input.json	00E481291AEC38A086446B647BC1570CC5CA310CB4F1BFD15B85B1A7AAA48032	3464
app/batch/nullifier_runtime/46411216d384ba7dbd9df7a0b3265124258e1afd1aa69ea939fcf86d3e91b3a2-batch-nullifier-transition.proof.json	EA1083186BAEF3C52F2FC96D49A0AAD2DD9E2EB12481CC9E2EB1F82C19614EA4	802
app/batch/nullifier_runtime/46411216d384ba7dbd9df7a0b3265124258e1afd1aa69ea939fcf86d3e91b3a2-batch-nullifier-transition.public.json	8DF022BB401B13E57D5EE89DC1EE83FBAE04EE44E126CBBBDD1D0DAE644CB320	165
app/batch/nullifier_runtime/46b6163599f6dbf88afbad5b8afe646e42f8b85f3009a29ac1698421b158ab89-batch-nullifier-transition.input.json	00E481291AEC38A086446B647BC1570CC5CA310CB4F1BFD15B85B1A7AAA48032	3464
app/batch/nullifier_runtime/46b6163599f6dbf88afbad5b8afe646e42f8b85f3009a29ac1698421b158ab89-batch-nullifier-transition.proof.json	5E2BF17A075BD9BA656C51EDEFEEC11F8018B85FEE4EBAF60C9FDC0E27724CC8	806
app/batch/nullifier_runtime/46b6163599f6dbf88afbad5b8afe646e42f8b85f3009a29ac1698421b158ab89-batch-nullifier-transition.public.json	8DF022BB401B13E57D5EE89DC1EE83FBAE04EE44E126CBBBDD1D0DAE644CB320	165
app/batch/nullifier_runtime/477f74436a2d1a8dbca83c458dcc46d54aad20569c501a82c1453c8a04bafa67-batch-nullifier-transition.input.json	00E481291AEC38A086446B647BC1570CC5CA310CB4F1BFD15B85B1A7AAA48032	3464
app/batch/nullifier_runtime/477f74436a2d1a8dbca83c458dcc46d54aad20569c501a82c1453c8a04bafa67-batch-nullifier-transition.proof.json	5B6C96D6262180F21D24C677470887A151C73EB2F6036EAB338479D20D10C699	804
app/batch/nullifier_runtime/477f74436a2d1a8dbca83c458dcc46d54aad20569c501a82c1453c8a04bafa67-batch-nullifier-transition.public.json	8DF022BB401B13E57D5EE89DC1EE83FBAE04EE44E126CBBBDD1D0DAE644CB320	165
app/batch/nullifier_runtime/4836885815d00110d4587608906732a9e71b9d3188798301de1327e779b85a9e-batch-nullifier-transition.input.json	00E481291AEC38A086446B647BC1570CC5CA310CB4F1BFD15B85B1A7AAA48032	3464
app/batch/nullifier_runtime/4836885815d00110d4587608906732a9e71b9d3188798301de1327e779b85a9e-batch-nullifier-transition.proof.json	7A1B5B7D9C570B1F9F77CB6E6563BD2FF7F5C7F3A4765ABD9C433C0F9B929F5F	805
app/batch/nullifier_runtime/4836885815d00110d4587608906732a9e71b9d3188798301de1327e779b85a9e-batch-nullifier-transition.public.json	8DF022BB401B13E57D5EE89DC1EE83FBAE04EE44E126CBBBDD1D0DAE644CB320	165
app/batch/nullifier_runtime/4d587b31eac57a0b090e1679f34755c7b1f807fa84b7e4de4823ac68d62dd9e0-batch-nullifier-transition.input.json	00E481291AEC38A086446B647BC1570CC5CA310CB4F1BFD15B85B1A7AAA48032	3464
app/batch/nullifier_runtime/4d587b31eac57a0b090e1679f34755c7b1f807fa84b7e4de4823ac68d62dd9e0-batch-nullifier-transition.proof.json	C7AEE39E84CCA6D101F7C0A43835206A6AAF13B6B0724902DF7425BC495CA0FA	806
app/batch/nullifier_runtime/4d587b31eac57a0b090e1679f34755c7b1f807fa84b7e4de4823ac68d62dd9e0-batch-nullifier-transition.public.json	8DF022BB401B13E57D5EE89DC1EE83FBAE04EE44E126CBBBDD1D0DAE644CB320	165
app/batch/nullifier_runtime/4da3d587fd5287cca4aea593895381aa79b7b0c90130dd15f0f6c2201e265d04-batch-nullifier-transition.input.json	A6C1B36CD5BF1CAE5649BA3D2A8C69F53C3DE3C3EB5AA8FCCE5891AFFFFDE4B5	3540
app/batch/nullifier_runtime/4da3d587fd5287cca4aea593895381aa79b7b0c90130dd15f0f6c2201e265d04-batch-nullifier-transition.proof.json	0CA568C32358A94E9EABEBA18885BC52E96F74999B0779DD5B7D649C39A981C8	805
app/batch/nullifier_runtime/4da3d587fd5287cca4aea593895381aa79b7b0c90130dd15f0f6c2201e265d04-batch-nullifier-transition.public.json	FEC9822B2CA0B6DB6CA662A9243AF410D7E8E7EFF98034CB16C084903143F6D5	166
app/batch/nullifier_runtime/4fa8fac1a0d4f46f7510a7a4589c6b626b81d31b47bdcacd568341a31cf89d42-batch-nullifier-transition.input.json	00E481291AEC38A086446B647BC1570CC5CA310CB4F1BFD15B85B1A7AAA48032	3464
app/batch/nullifier_runtime/4fa8fac1a0d4f46f7510a7a4589c6b626b81d31b47bdcacd568341a31cf89d42-batch-nullifier-transition.proof.json	87668B5838497F9CCF55CF7D52B2456FE5F9C0AFC13450BB509384C49ED1EAE2	801
app/batch/nullifier_runtime/4fa8fac1a0d4f46f7510a7a4589c6b626b81d31b47bdcacd568341a31cf89d42-batch-nullifier-transition.public.json	8DF022BB401B13E57D5EE89DC1EE83FBAE04EE44E126CBBBDD1D0DAE644CB320	165
app/batch/nullifier_runtime/576ba702381e0b8cfb10d6bd6367f69665e0a33c6c741bb129158c3845af225a-batch-nullifier-transition.input.json	00E481291AEC38A086446B647BC1570CC5CA310CB4F1BFD15B85B1A7AAA48032	3464
app/batch/nullifier_runtime/576ba702381e0b8cfb10d6bd6367f69665e0a33c6c741bb129158c3845af225a-batch-nullifier-transition.proof.json	C0EB8BB040D8DD8791C1EB6A04CC6873BA50DDA961060ADBBF280267F3829175	803
app/batch/nullifier_runtime/576ba702381e0b8cfb10d6bd6367f69665e0a33c6c741bb129158c3845af225a-batch-nullifier-transition.public.json	8DF022BB401B13E57D5EE89DC1EE83FBAE04EE44E126CBBBDD1D0DAE644CB320	165
app/batch/nullifier_runtime/59fb4094c49aa5b2e2006aa1973a60e6e0f564c8de98433d2d7c399ffc65077f-batch-nullifier-transition.input.json	00E481291AEC38A086446B647BC1570CC5CA310CB4F1BFD15B85B1A7AAA48032	3464
app/batch/nullifier_runtime/59fb4094c49aa5b2e2006aa1973a60e6e0f564c8de98433d2d7c399ffc65077f-batch-nullifier-transition.proof.json	07C2E4C629A5AB5900209C1273D555C6339C949C1F36D9FD3E2A87F69941A54B	804
app/batch/nullifier_runtime/59fb4094c49aa5b2e2006aa1973a60e6e0f564c8de98433d2d7c399ffc65077f-batch-nullifier-transition.public.json	8DF022BB401B13E57D5EE89DC1EE83FBAE04EE44E126CBBBDD1D0DAE644CB320	165
app/batch/nullifier_runtime/5df32579ba1fde902089d410b469bceeec89f5f325e8fa47f8d6f310df3d83ab-batch-nullifier-transition.input.json	00E481291AEC38A086446B647BC1570CC5CA310CB4F1BFD15B85B1A7AAA48032	3464
app/batch/nullifier_runtime/5df32579ba1fde902089d410b469bceeec89f5f325e8fa47f8d6f310df3d83ab-batch-nullifier-transition.proof.json	9B49F29A69FCF3EE4F07EBF3201DD30AFD4C189766962A83E484A2836DF318B3	806
app/batch/nullifier_runtime/5df32579ba1fde902089d410b469bceeec89f5f325e8fa47f8d6f310df3d83ab-batch-nullifier-transition.public.json	8DF022BB401B13E57D5EE89DC1EE83FBAE04EE44E126CBBBDD1D0DAE644CB320	165
app/batch/nullifier_runtime/5eb4a18865892a3c35e0bc775bc62e898baa2f51a7a605ef908802e8bb261887-batch-nullifier-transition.input.json	00E481291AEC38A086446B647BC1570CC5CA310CB4F1BFD15B85B1A7AAA48032	3464
app/batch/nullifier_runtime/5eb4a18865892a3c35e0bc775bc62e898baa2f51a7a605ef908802e8bb261887-batch-nullifier-transition.proof.json	83D3F81DFEFD9D684C5DE8E463A2DE6B77A561BE9CF42A2B31DD4E8740B327E1	805
app/batch/nullifier_runtime/5eb4a18865892a3c35e0bc775bc62e898baa2f51a7a605ef908802e8bb261887-batch-nullifier-transition.public.json	8DF022BB401B13E57D5EE89DC1EE83FBAE04EE44E126CBBBDD1D0DAE644CB320	165
app/batch/nullifier_runtime/5ef19e1385baae9a1f3c323e1da77e3c88ea53c4aefeef64e89d8c7be6f55832-batch-nullifier-transition.input.json	00E481291AEC38A086446B647BC1570CC5CA310CB4F1BFD15B85B1A7AAA48032	3464
app/batch/nullifier_runtime/5ef19e1385baae9a1f3c323e1da77e3c88ea53c4aefeef64e89d8c7be6f55832-batch-nullifier-transition.proof.json	2FC0A91AD3957588EE0087B756A244A18EB9D0679199E4D9D3027C830FBD4E9E	805
app/batch/nullifier_runtime/5ef19e1385baae9a1f3c323e1da77e3c88ea53c4aefeef64e89d8c7be6f55832-batch-nullifier-transition.public.json	8DF022BB401B13E57D5EE89DC1EE83FBAE04EE44E126CBBBDD1D0DAE644CB320	165
app/batch/nullifier_runtime/607103db99eff8e8f236a5144b8d911b0d5f00a1affd813524f94a5d2fb44b73-batch-nullifier-transition.input.json	F5AD52240DBDFF8835ABBB00543399ED13CE8746F7B585097F4E8AB30F759CDC	3464
app/batch/nullifier_runtime/607103db99eff8e8f236a5144b8d911b0d5f00a1affd813524f94a5d2fb44b73-batch-nullifier-transition.proof.json	70B5EF11FF81273D2E19DC0C832EBF890E35259C07B50232FABC17BB29BBED79	806
app/batch/nullifier_runtime/607103db99eff8e8f236a5144b8d911b0d5f00a1affd813524f94a5d2fb44b73-batch-nullifier-transition.public.json	7C02241963B8E3E01A467607CE7A120A5ECEC44734042F4887BD6D73A2987188	165
app/batch/nullifier_runtime/66e942ecbd90aa05806e6de51e95460006bf5d851ea4521cbd12ede834fee829-batch-nullifier-transition.input.json	00E481291AEC38A086446B647BC1570CC5CA310CB4F1BFD15B85B1A7AAA48032	3464
app/batch/nullifier_runtime/66e942ecbd90aa05806e6de51e95460006bf5d851ea4521cbd12ede834fee829-batch-nullifier-transition.proof.json	EEB93D8CA9DBEE857AA759157B090DCA0FB5AD8FC32365C6264B66BAF742320B	806
app/batch/nullifier_runtime/66e942ecbd90aa05806e6de51e95460006bf5d851ea4521cbd12ede834fee829-batch-nullifier-transition.public.json	8DF022BB401B13E57D5EE89DC1EE83FBAE04EE44E126CBBBDD1D0DAE644CB320	165
app/batch/nullifier_runtime/670c6d22a4206a2162fba8ffa3df7b37aec115ea7ac3a05e20a28f278f61133e-batch-nullifier-transition.input.json	5357B99FDA3C0F3B989F658B4504E552DFCEF6BA043F82CAEC5B506E1FA01FE6	3464
app/batch/nullifier_runtime/670c6d22a4206a2162fba8ffa3df7b37aec115ea7ac3a05e20a28f278f61133e-batch-nullifier-transition.proof.json	5C13C2DD62D8069A8B578A35EF0C82DB4B08C179E5F8770C3E0785395FA559BC	805
app/batch/nullifier_runtime/670c6d22a4206a2162fba8ffa3df7b37aec115ea7ac3a05e20a28f278f61133e-batch-nullifier-transition.public.json	4543DDEA2859FD03C48F16C0BF5F74886A6C8AB85A7E499D7E3B7BDD8F1C7190	165
app/batch/nullifier_runtime/707a1725066e00edf0d74cf651c617f83b882d7cbc41cf9ccfe11dd88c8307a7-batch-nullifier-transition.input.json	5357B99FDA3C0F3B989F658B4504E552DFCEF6BA043F82CAEC5B506E1FA01FE6	3464
app/batch/nullifier_runtime/707a1725066e00edf0d74cf651c617f83b882d7cbc41cf9ccfe11dd88c8307a7-batch-nullifier-transition.proof.json	D1AAA55395A4D3E0F7710F4704CEA09B980720E588AE4D19B21B25CC6DF1CEB8	807
app/batch/nullifier_runtime/707a1725066e00edf0d74cf651c617f83b882d7cbc41cf9ccfe11dd88c8307a7-batch-nullifier-transition.public.json	4543DDEA2859FD03C48F16C0BF5F74886A6C8AB85A7E499D7E3B7BDD8F1C7190	165
app/batch/nullifier_runtime/717d650fbf784b783cccb0bcba5de39dc21982aed558d31f8c0976ee822b4d0e-batch-nullifier-transition.input.json	00E481291AEC38A086446B647BC1570CC5CA310CB4F1BFD15B85B1A7AAA48032	3464
app/batch/nullifier_runtime/717d650fbf784b783cccb0bcba5de39dc21982aed558d31f8c0976ee822b4d0e-batch-nullifier-transition.proof.json	B12458BD7D4181F7EB2D57D92BBF9182F45D88AB18DCF04F5B9C3DF6C3691C71	803
app/batch/nullifier_runtime/717d650fbf784b783cccb0bcba5de39dc21982aed558d31f8c0976ee822b4d0e-batch-nullifier-transition.public.json	8DF022BB401B13E57D5EE89DC1EE83FBAE04EE44E126CBBBDD1D0DAE644CB320	165
app/batch/nullifier_runtime/71a94d165d91ec058fd1cc66c1445e3cf93da241ef8e8b0a053c9ffe0721dbdc-batch-nullifier-transition.input.json	00E481291AEC38A086446B647BC1570CC5CA310CB4F1BFD15B85B1A7AAA48032	3464
app/batch/nullifier_runtime/71a94d165d91ec058fd1cc66c1445e3cf93da241ef8e8b0a053c9ffe0721dbdc-batch-nullifier-transition.proof.json	D4B68556412EB016680DB0C325754BD99117F37ED86142F2010BFE5CF55A1DB6	803
app/batch/nullifier_runtime/71a94d165d91ec058fd1cc66c1445e3cf93da241ef8e8b0a053c9ffe0721dbdc-batch-nullifier-transition.public.json	8DF022BB401B13E57D5EE89DC1EE83FBAE04EE44E126CBBBDD1D0DAE644CB320	165
app/batch/nullifier_runtime/7a780acc482808a51ebede17e69ad211c7344d40536b74b45bcec64198bd1960-batch-nullifier-transition.input.json	00E481291AEC38A086446B647BC1570CC5CA310CB4F1BFD15B85B1A7AAA48032	3464
app/batch/nullifier_runtime/7a780acc482808a51ebede17e69ad211c7344d40536b74b45bcec64198bd1960-batch-nullifier-transition.proof.json	DF32DAE5D74B11E081BB9EFE17ED8E5D4BB952F92D6070AC1165014C90DEFA64	807
app/batch/nullifier_runtime/7a780acc482808a51ebede17e69ad211c7344d40536b74b45bcec64198bd1960-batch-nullifier-transition.public.json	8DF022BB401B13E57D5EE89DC1EE83FBAE04EE44E126CBBBDD1D0DAE644CB320	165
app/batch/nullifier_runtime/7a8d1796346252f151ba5e9fbf2585e2f33ae3515c58bb38834fbaec8aa2ebcb-batch-nullifier-transition.input.json	00E481291AEC38A086446B647BC1570CC5CA310CB4F1BFD15B85B1A7AAA48032	3464
app/batch/nullifier_runtime/7a8d1796346252f151ba5e9fbf2585e2f33ae3515c58bb38834fbaec8aa2ebcb-batch-nullifier-transition.proof.json	39EA896F36996A20393EF3E779D7AEF2942C098FC052C498F83496A6198C58EB	803
app/batch/nullifier_runtime/7a8d1796346252f151ba5e9fbf2585e2f33ae3515c58bb38834fbaec8aa2ebcb-batch-nullifier-transition.public.json	8DF022BB401B13E57D5EE89DC1EE83FBAE04EE44E126CBBBDD1D0DAE644CB320	165
app/batch/nullifier_runtime/81d526f630c374326fa29e8b771269d8af8400b612d0b98e0c88674a02d005b2-batch-nullifier-transition.input.json	00E481291AEC38A086446B647BC1570CC5CA310CB4F1BFD15B85B1A7AAA48032	3464
app/batch/nullifier_runtime/81d526f630c374326fa29e8b771269d8af8400b612d0b98e0c88674a02d005b2-batch-nullifier-transition.proof.json	F2787F31188C27A6168097FC2CE00BA6AC765744153EADD22A4A7B6D3D92388B	806
app/batch/nullifier_runtime/81d526f630c374326fa29e8b771269d8af8400b612d0b98e0c88674a02d005b2-batch-nullifier-transition.public.json	8DF022BB401B13E57D5EE89DC1EE83FBAE04EE44E126CBBBDD1D0DAE644CB320	165
app/batch/nullifier_runtime/866fe25ab196d9b141976d780f1c7a79ba0543d44b3aa7e2943ef91a5434a3fa-batch-nullifier-transition.input.json	00E481291AEC38A086446B647BC1570CC5CA310CB4F1BFD15B85B1A7AAA48032	3464
app/batch/nullifier_runtime/866fe25ab196d9b141976d780f1c7a79ba0543d44b3aa7e2943ef91a5434a3fa-batch-nullifier-transition.proof.json	58C240B3596CDC7F7043953523E53DA9ED968B6F7FEE0997EE18CD54CD0A45D9	803
app/batch/nullifier_runtime/866fe25ab196d9b141976d780f1c7a79ba0543d44b3aa7e2943ef91a5434a3fa-batch-nullifier-transition.public.json	8DF022BB401B13E57D5EE89DC1EE83FBAE04EE44E126CBBBDD1D0DAE644CB320	165
app/batch/nullifier_runtime/88e5122dffa19e1963fa6304a1d0cc75597517c5ed5f5d95095e6cd5552d7690-batch-nullifier-transition.input.json	00E481291AEC38A086446B647BC1570CC5CA310CB4F1BFD15B85B1A7AAA48032	3464
app/batch/nullifier_runtime/88e5122dffa19e1963fa6304a1d0cc75597517c5ed5f5d95095e6cd5552d7690-batch-nullifier-transition.proof.json	9E1EF853F58D8C27B16D16809BAFFB5420B4AC27303ABFF30A3AAD0AEA219537	805
app/batch/nullifier_runtime/88e5122dffa19e1963fa6304a1d0cc75597517c5ed5f5d95095e6cd5552d7690-batch-nullifier-transition.public.json	8DF022BB401B13E57D5EE89DC1EE83FBAE04EE44E126CBBBDD1D0DAE644CB320	165
app/batch/nullifier_runtime/88f00a2598d093948c3a88cd22b4f67da74c3959f89913c6179f1dc8da017b0a-batch-nullifier-transition.input.json	00E481291AEC38A086446B647BC1570CC5CA310CB4F1BFD15B85B1A7AAA48032	3464
app/batch/nullifier_runtime/88f00a2598d093948c3a88cd22b4f67da74c3959f89913c6179f1dc8da017b0a-batch-nullifier-transition.proof.json	68AA5BF89FA44C1C49A6F096061D44E7AC148A386810CB5CB25A5E9E358A0324	801
app/batch/nullifier_runtime/88f00a2598d093948c3a88cd22b4f67da74c3959f89913c6179f1dc8da017b0a-batch-nullifier-transition.public.json	8DF022BB401B13E57D5EE89DC1EE83FBAE04EE44E126CBBBDD1D0DAE644CB320	165
app/batch/nullifier_runtime/8a7d3574b3ed0a244cad3075fac2a6d1f3b2866e258baebce35f7d7b282b3e62-batch-nullifier-transition.input.json	00E481291AEC38A086446B647BC1570CC5CA310CB4F1BFD15B85B1A7AAA48032	3464
app/batch/nullifier_runtime/8a7d3574b3ed0a244cad3075fac2a6d1f3b2866e258baebce35f7d7b282b3e62-batch-nullifier-transition.proof.json	08E8CE4EFC0949492A2C349FD16EBBA1D4C0791A8ACCE778DE025384286102DF	805
app/batch/nullifier_runtime/8a7d3574b3ed0a244cad3075fac2a6d1f3b2866e258baebce35f7d7b282b3e62-batch-nullifier-transition.public.json	8DF022BB401B13E57D5EE89DC1EE83FBAE04EE44E126CBBBDD1D0DAE644CB320	165
app/batch/nullifier_runtime/8bb15e3e366ad259a603abff199904cb877128bb593aba6eaf6397eefe6a1aac-batch-nullifier-transition.input.json	00E481291AEC38A086446B647BC1570CC5CA310CB4F1BFD15B85B1A7AAA48032	3464
app/batch/nullifier_runtime/8bb15e3e366ad259a603abff199904cb877128bb593aba6eaf6397eefe6a1aac-batch-nullifier-transition.proof.json	F687E8BF3D2BF9B71B5ADA22410D5A11AB1E54BE30A25C4E0E6C6E0BA9570D49	802
app/batch/nullifier_runtime/8bb15e3e366ad259a603abff199904cb877128bb593aba6eaf6397eefe6a1aac-batch-nullifier-transition.public.json	8DF022BB401B13E57D5EE89DC1EE83FBAE04EE44E126CBBBDD1D0DAE644CB320	165
app/batch/nullifier_runtime/8c6e97fc9ba1bba949bbf8ad13013487158992a9ed6e1a0e2e9b28916e02e7e4-batch-nullifier-transition.input.json	00E481291AEC38A086446B647BC1570CC5CA310CB4F1BFD15B85B1A7AAA48032	3464
app/batch/nullifier_runtime/8c6e97fc9ba1bba949bbf8ad13013487158992a9ed6e1a0e2e9b28916e02e7e4-batch-nullifier-transition.proof.json	D1EF11DBB948DB5202766E2038EFE022A263CB787D9A6565F70EF38920490334	804
app/batch/nullifier_runtime/8c6e97fc9ba1bba949bbf8ad13013487158992a9ed6e1a0e2e9b28916e02e7e4-batch-nullifier-transition.public.json	8DF022BB401B13E57D5EE89DC1EE83FBAE04EE44E126CBBBDD1D0DAE644CB320	165
app/batch/nullifier_runtime/9a1e0cf9f7bb9b9144711ae565a8dcb8b8f5290c8e2366a46ffd5e68ca1cb075-batch-nullifier-transition.input.json	00E481291AEC38A086446B647BC1570CC5CA310CB4F1BFD15B85B1A7AAA48032	3464
app/batch/nullifier_runtime/9a1e0cf9f7bb9b9144711ae565a8dcb8b8f5290c8e2366a46ffd5e68ca1cb075-batch-nullifier-transition.proof.json	5FAA168C7AA05F73C0C7C59A32816AF839EB86AD1CA5A6D36B6FF22E7DF53674	806
app/batch/nullifier_runtime/9a1e0cf9f7bb9b9144711ae565a8dcb8b8f5290c8e2366a46ffd5e68ca1cb075-batch-nullifier-transition.public.json	8DF022BB401B13E57D5EE89DC1EE83FBAE04EE44E126CBBBDD1D0DAE644CB320	165
app/batch/nullifier_runtime/9a9dd06c1fcc67dce3e53d2263f4d60faeb45370e68d20151274e9e6165dccfb-batch-nullifier-transition.input.json	00E481291AEC38A086446B647BC1570CC5CA310CB4F1BFD15B85B1A7AAA48032	3464
app/batch/nullifier_runtime/9a9dd06c1fcc67dce3e53d2263f4d60faeb45370e68d20151274e9e6165dccfb-batch-nullifier-transition.proof.json	8FC876AA2D5D3613629DAB23CA2BB3063D5BE9F57842A84A0597E273BA22D1B8	802
app/batch/nullifier_runtime/9a9dd06c1fcc67dce3e53d2263f4d60faeb45370e68d20151274e9e6165dccfb-batch-nullifier-transition.public.json	8DF022BB401B13E57D5EE89DC1EE83FBAE04EE44E126CBBBDD1D0DAE644CB320	165
app/batch/nullifier_runtime/9c7698c68fdf5b32caf56df9935a5485fff8ea7998937932e011160747a8e4e0-batch-nullifier-transition.input.json	00E481291AEC38A086446B647BC1570CC5CA310CB4F1BFD15B85B1A7AAA48032	3464
app/batch/nullifier_runtime/9c7698c68fdf5b32caf56df9935a5485fff8ea7998937932e011160747a8e4e0-batch-nullifier-transition.proof.json	0E9A26C1D90F17FF3D32371BB18FA166E9CDC5AC6F382F5EA56666D5DB50243C	803
app/batch/nullifier_runtime/9c7698c68fdf5b32caf56df9935a5485fff8ea7998937932e011160747a8e4e0-batch-nullifier-transition.public.json	8DF022BB401B13E57D5EE89DC1EE83FBAE04EE44E126CBBBDD1D0DAE644CB320	165
app/batch/nullifier_runtime/9c8193cf0e27385138e05295c7c34fac6f539c332530125200ba24ea04c971be-batch-nullifier-transition.input.json	00E481291AEC38A086446B647BC1570CC5CA310CB4F1BFD15B85B1A7AAA48032	3464
app/batch/nullifier_runtime/9c8193cf0e27385138e05295c7c34fac6f539c332530125200ba24ea04c971be-batch-nullifier-transition.proof.json	D1F6F4B74592DF9551147403BCE29F41FB3C347A59D88D76FE1FA594CF0EC864	806
app/batch/nullifier_runtime/9c8193cf0e27385138e05295c7c34fac6f539c332530125200ba24ea04c971be-batch-nullifier-transition.public.json	8DF022BB401B13E57D5EE89DC1EE83FBAE04EE44E126CBBBDD1D0DAE644CB320	165
app/batch/nullifier_runtime/9f962670aa1abfaa0bcf3df5e8fc03e850f43b959d13080e662f88e5b4485d02-batch-nullifier-transition.input.json	00E481291AEC38A086446B647BC1570CC5CA310CB4F1BFD15B85B1A7AAA48032	3464
app/batch/nullifier_runtime/9f962670aa1abfaa0bcf3df5e8fc03e850f43b959d13080e662f88e5b4485d02-batch-nullifier-transition.proof.json	EE2E466C2F63C65559FCAC5FEA81C9C70AD09424B6ADB6D329D9D2CAC8837A9D	806
app/batch/nullifier_runtime/9f962670aa1abfaa0bcf3df5e8fc03e850f43b959d13080e662f88e5b4485d02-batch-nullifier-transition.public.json	8DF022BB401B13E57D5EE89DC1EE83FBAE04EE44E126CBBBDD1D0DAE644CB320	165
app/batch/nullifier_runtime/a568b5b34fd62c85b1572b252aaca1e01b8b7178c3e8a21f4bf9eaef2ec872b4-batch-nullifier-transition.input.json	00E481291AEC38A086446B647BC1570CC5CA310CB4F1BFD15B85B1A7AAA48032	3464
app/batch/nullifier_runtime/a568b5b34fd62c85b1572b252aaca1e01b8b7178c3e8a21f4bf9eaef2ec872b4-batch-nullifier-transition.proof.json	414889B627F6E79570F5FBC80D8CB3138DF8186B0BA655DEA02ED081B0465A70	806
app/batch/nullifier_runtime/a568b5b34fd62c85b1572b252aaca1e01b8b7178c3e8a21f4bf9eaef2ec872b4-batch-nullifier-transition.public.json	8DF022BB401B13E57D5EE89DC1EE83FBAE04EE44E126CBBBDD1D0DAE644CB320	165
app/batch/nullifier_runtime/a7274251ece160023803d79b7135319c779766343d4e8eb2a20bf1484cd85984-batch-nullifier-transition.input.json	00E481291AEC38A086446B647BC1570CC5CA310CB4F1BFD15B85B1A7AAA48032	3464
app/batch/nullifier_runtime/a7274251ece160023803d79b7135319c779766343d4e8eb2a20bf1484cd85984-batch-nullifier-transition.proof.json	A1B8DDFDDB69C6F0A224FA38481B0DAD8CC72D3B6AB8350BC79132519E223418	805
app/batch/nullifier_runtime/a7274251ece160023803d79b7135319c779766343d4e8eb2a20bf1484cd85984-batch-nullifier-transition.public.json	8DF022BB401B13E57D5EE89DC1EE83FBAE04EE44E126CBBBDD1D0DAE644CB320	165
app/batch/nullifier_runtime/a741c982a4d64b8244cf36290eb28fd527ed354f50b270e6ea4a3395f07875a6-batch-nullifier-transition.input.json	00E481291AEC38A086446B647BC1570CC5CA310CB4F1BFD15B85B1A7AAA48032	3464
app/batch/nullifier_runtime/a741c982a4d64b8244cf36290eb28fd527ed354f50b270e6ea4a3395f07875a6-batch-nullifier-transition.proof.json	B235B6376972876D6DF9F1BFC9AB8E2CA139767CBBD25FFB18D5C39E9C996108	804
app/batch/nullifier_runtime/a741c982a4d64b8244cf36290eb28fd527ed354f50b270e6ea4a3395f07875a6-batch-nullifier-transition.public.json	8DF022BB401B13E57D5EE89DC1EE83FBAE04EE44E126CBBBDD1D0DAE644CB320	165
app/batch/nullifier_runtime/a8bcf91c61388c337395e8b7f5d67e28abdf917a0f73debc2b2fedc45d115110-batch-nullifier-transition.input.json	F5AD52240DBDFF8835ABBB00543399ED13CE8746F7B585097F4E8AB30F759CDC	3464
app/batch/nullifier_runtime/a8bcf91c61388c337395e8b7f5d67e28abdf917a0f73debc2b2fedc45d115110-batch-nullifier-transition.proof.json	B371E9CEB58C8AAF62AD81A39B3061835F9A228A0757D6FE8068B987F20D8464	806
app/batch/nullifier_runtime/a8bcf91c61388c337395e8b7f5d67e28abdf917a0f73debc2b2fedc45d115110-batch-nullifier-transition.public.json	7C02241963B8E3E01A467607CE7A120A5ECEC44734042F4887BD6D73A2987188	165
app/batch/nullifier_runtime/a8ee8bbec8320a790efc573823a5d8bceb463252dbab3ab17438563408488387-batch-nullifier-transition.input.json	00E481291AEC38A086446B647BC1570CC5CA310CB4F1BFD15B85B1A7AAA48032	3464
app/batch/nullifier_runtime/a8ee8bbec8320a790efc573823a5d8bceb463252dbab3ab17438563408488387-batch-nullifier-transition.proof.json	C8EFDA3EA8BC54FD566B70983EC0A95E1460762222BCDD906838672B21FDD551	803
app/batch/nullifier_runtime/a8ee8bbec8320a790efc573823a5d8bceb463252dbab3ab17438563408488387-batch-nullifier-transition.public.json	8DF022BB401B13E57D5EE89DC1EE83FBAE04EE44E126CBBBDD1D0DAE644CB320	165
app/batch/nullifier_runtime/ac3c67db0a88dcfd0cb80ed3bb675fdf30d55622ecc95c82836d1a701bff46e5-batch-nullifier-transition.input.json	00E481291AEC38A086446B647BC1570CC5CA310CB4F1BFD15B85B1A7AAA48032	3464
app/batch/nullifier_runtime/ac3c67db0a88dcfd0cb80ed3bb675fdf30d55622ecc95c82836d1a701bff46e5-batch-nullifier-transition.proof.json	D6F9189C0D41BEFE9B7AA36AC2B41BB5EF0F0FAC8A66E27EC8E559710A8E008D	802
app/batch/nullifier_runtime/ac3c67db0a88dcfd0cb80ed3bb675fdf30d55622ecc95c82836d1a701bff46e5-batch-nullifier-transition.public.json	8DF022BB401B13E57D5EE89DC1EE83FBAE04EE44E126CBBBDD1D0DAE644CB320	165
app/batch/nullifier_runtime/attack-A-fresh.input.json	D7D286DDE2320D0E1A96D5F5CED44FF45872822D17A0363E6F10AECD30F09ABE	3464
app/batch/nullifier_runtime/attack-A-fresh.proof.json	367754B44E2711FC051437008F0C976EE60BA26DC4D2AAFB5468764BC3766350	808
app/batch/nullifier_runtime/attack-A-fresh.public.json	F72E5A5C32FADC5292A83769D54381FFD8E1AF6879DF7E43142CC08EBD614D7B	165
app/batch/nullifier_runtime/attack-B-duplicate.input.json	0010016CD4FED8DABD91CA905E441643620D480B87CA2471E0819AF8BBEE7939	3464
app/batch/nullifier_runtime/attack-C-tampered.input.json	45DFF0E9067140CC6386DFADE709E5C78CA4905895FC08CD58C0903705EBA55F	3464
app/batch/nullifier_runtime/b0cc26654d0fa8ac6169d7420d3cec941912693fdcf340b0b0252fc951a879b6-batch-nullifier-transition.input.json	00E481291AEC38A086446B647BC1570CC5CA310CB4F1BFD15B85B1A7AAA48032	3464
app/batch/nullifier_runtime/b0cc26654d0fa8ac6169d7420d3cec941912693fdcf340b0b0252fc951a879b6-batch-nullifier-transition.proof.json	8947914540C7063ED85DE04E5A08F203DF19FD9DC242EDAD0EEBB370B4090B68	806
app/batch/nullifier_runtime/b0cc26654d0fa8ac6169d7420d3cec941912693fdcf340b0b0252fc951a879b6-batch-nullifier-transition.public.json	8DF022BB401B13E57D5EE89DC1EE83FBAE04EE44E126CBBBDD1D0DAE644CB320	165
app/batch/nullifier_runtime/b20f3a04881eae7a92437d0cd859d66aeb5f090fd76192166429c3450ac1e5dd-batch-nullifier-transition.input.json	00E481291AEC38A086446B647BC1570CC5CA310CB4F1BFD15B85B1A7AAA48032	3464
app/batch/nullifier_runtime/b20f3a04881eae7a92437d0cd859d66aeb5f090fd76192166429c3450ac1e5dd-batch-nullifier-transition.proof.json	D4156C95BE3367C6D8E16A902A403643C1E135F3660199E66CC65F337A6FF2D0	804
app/batch/nullifier_runtime/b20f3a04881eae7a92437d0cd859d66aeb5f090fd76192166429c3450ac1e5dd-batch-nullifier-transition.public.json	8DF022BB401B13E57D5EE89DC1EE83FBAE04EE44E126CBBBDD1D0DAE644CB320	165
app/batch/nullifier_runtime/b32c1bcaa906b9743bfd0a6bf842af3c188e4b03c6f4656b3acee6314515cfa1-batch-nullifier-transition.input.json	00E481291AEC38A086446B647BC1570CC5CA310CB4F1BFD15B85B1A7AAA48032	3464
app/batch/nullifier_runtime/b32c1bcaa906b9743bfd0a6bf842af3c188e4b03c6f4656b3acee6314515cfa1-batch-nullifier-transition.proof.json	AE9E8744DA89484B68769FDF74A2493E8CB372A51986746F61AD5E179ECBC27B	802
app/batch/nullifier_runtime/b32c1bcaa906b9743bfd0a6bf842af3c188e4b03c6f4656b3acee6314515cfa1-batch-nullifier-transition.public.json	8DF022BB401B13E57D5EE89DC1EE83FBAE04EE44E126CBBBDD1D0DAE644CB320	165
app/batch/nullifier_runtime/b4ae68f9d230ffcbd260bba7b9c2a470924310633d2359a181ac139c3e49f0a0-batch-nullifier-transition.input.json	00E481291AEC38A086446B647BC1570CC5CA310CB4F1BFD15B85B1A7AAA48032	3464
app/batch/nullifier_runtime/b4ae68f9d230ffcbd260bba7b9c2a470924310633d2359a181ac139c3e49f0a0-batch-nullifier-transition.proof.json	2E644D0DA34303BEDCAE434DCFEAE90A93E5E847EBF9BDF835CBEBC6F9CF9371	806
app/batch/nullifier_runtime/b4ae68f9d230ffcbd260bba7b9c2a470924310633d2359a181ac139c3e49f0a0-batch-nullifier-transition.public.json	8DF022BB401B13E57D5EE89DC1EE83FBAE04EE44E126CBBBDD1D0DAE644CB320	165
app/batch/nullifier_runtime/b7e9f6c1dbed83229172ec47b1abe140ba7aacce2b5dcbd30997e3900a6500e4-batch-nullifier-transition.input.json	00E481291AEC38A086446B647BC1570CC5CA310CB4F1BFD15B85B1A7AAA48032	3464
app/batch/nullifier_runtime/b7e9f6c1dbed83229172ec47b1abe140ba7aacce2b5dcbd30997e3900a6500e4-batch-nullifier-transition.proof.json	00F48C816DB611D27C56E9A2B2B320DE304032208F36760CC17433980782AE24	809
app/batch/nullifier_runtime/b7e9f6c1dbed83229172ec47b1abe140ba7aacce2b5dcbd30997e3900a6500e4-batch-nullifier-transition.public.json	8DF022BB401B13E57D5EE89DC1EE83FBAE04EE44E126CBBBDD1D0DAE644CB320	165
app/batch/nullifier_runtime/bb1b1a7f53c36baf38fcd415af1535b6d06453fa1e7e8c59a73e92344536716a-batch-nullifier-transition.input.json	00E481291AEC38A086446B647BC1570CC5CA310CB4F1BFD15B85B1A7AAA48032	3464
app/batch/nullifier_runtime/bb1b1a7f53c36baf38fcd415af1535b6d06453fa1e7e8c59a73e92344536716a-batch-nullifier-transition.proof.json	C12AC1ACED49768502F7DD18AADEC2D3D7AFD28747AE1BBD9BDF6DC0801CBD81	804
app/batch/nullifier_runtime/bb1b1a7f53c36baf38fcd415af1535b6d06453fa1e7e8c59a73e92344536716a-batch-nullifier-transition.public.json	8DF022BB401B13E57D5EE89DC1EE83FBAE04EE44E126CBBBDD1D0DAE644CB320	165
app/batch/nullifier_runtime/bca37e04804ded2d94b9fec7135d5dbb1fa5f028bb5786623bd56bf17bf5c932-batch-nullifier-transition.input.json	00E481291AEC38A086446B647BC1570CC5CA310CB4F1BFD15B85B1A7AAA48032	3464
app/batch/nullifier_runtime/bca37e04804ded2d94b9fec7135d5dbb1fa5f028bb5786623bd56bf17bf5c932-batch-nullifier-transition.proof.json	3B753A108837B9C56208ACDAEDCD012D816AD833D95F28B9A8BC80E92400FBD2	806
app/batch/nullifier_runtime/bca37e04804ded2d94b9fec7135d5dbb1fa5f028bb5786623bd56bf17bf5c932-batch-nullifier-transition.public.json	8DF022BB401B13E57D5EE89DC1EE83FBAE04EE44E126CBBBDD1D0DAE644CB320	165
app/batch/nullifier_runtime/BL-A1-SAME-18625649332292580039911579312575660149051585421658496762390001851213092960322.input.json	00E481291AEC38A086446B647BC1570CC5CA310CB4F1BFD15B85B1A7AAA48032	3464
app/batch/nullifier_runtime/BL-A1-SAME-18625649332292580039911579312575660149051585421658496762390001851213092960322.proof.json	F603142FEDAC9213DFF8560338446AD6834BB553811E7A78641036793D1849FC	808
app/batch/nullifier_runtime/BL-A1-SAME-18625649332292580039911579312575660149051585421658496762390001851213092960322.public.json	8DF022BB401B13E57D5EE89DC1EE83FBAE04EE44E126CBBBDD1D0DAE644CB320	165
app/batch/nullifier_runtime/BL-A1-SAME-2812950571.input.json	16733B622C693D869AB815A2E41488347A641E02ED09A6D1BD7AD9B5C73D53DF	3331
app/batch/nullifier_runtime/BL-A1-SAME-2812950571.proof.json	FC48A1A7411FD6E96C30DCFB517C5F02C14B53CBE051843AF7BD418042C126D8	804
app/batch/nullifier_runtime/BL-A1-SAME-2812950571.public.json	D42503DD1236708E1553373776C8190305A729A67C1AEA730421786207A6B41E	98
app/batch/nullifier_runtime/BL-B1-DUP-18625649332292580039911579312575660149051585421658496762390001851213092960322.input.json	00E481291AEC38A086446B647BC1570CC5CA310CB4F1BFD15B85B1A7AAA48032	3464
app/batch/nullifier_runtime/BL-B1-DUP-18625649332292580039911579312575660149051585421658496762390001851213092960322.proof.json	4FA6C5EAADCC9E4F7885BCB8D84650330C597C103B4D91422199F6CF0395A3EA	805
app/batch/nullifier_runtime/BL-B1-DUP-18625649332292580039911579312575660149051585421658496762390001851213092960322.public.json	8DF022BB401B13E57D5EE89DC1EE83FBAE04EE44E126CBBBDD1D0DAE644CB320	165
app/batch/nullifier_runtime/BL-B1-DUP-2812950571.input.json	16733B622C693D869AB815A2E41488347A641E02ED09A6D1BD7AD9B5C73D53DF	3331
app/batch/nullifier_runtime/BL-B1-DUP-2812950571.proof.json	188AF30D1E73EBE83BA2D43D02EB4DB80064EA264BC85D461A9336A6796AE7C6	805
app/batch/nullifier_runtime/BL-B1-DUP-2812950571.public.json	D42503DD1236708E1553373776C8190305A729A67C1AEA730421786207A6B41E	98
app/batch/nullifier_runtime/BL-B1-FILLER-1571236897592993155864913094298535314326825543403511813425260870889284207687.input.json	5357B99FDA3C0F3B989F658B4504E552DFCEF6BA043F82CAEC5B506E1FA01FE6	3464
app/batch/nullifier_runtime/BL-B1-FILLER-1571236897592993155864913094298535314326825543403511813425260870889284207687.proof.json	B6B771093516EC03D9E850BE098310222E2BF9D44B5DA6ECB2824B74DF41177C	806
app/batch/nullifier_runtime/BL-B1-FILLER-1571236897592993155864913094298535314326825543403511813425260870889284207687.public.json	4543DDEA2859FD03C48F16C0BF5F74886A6C8AB85A7E499D7E3B7BDD8F1C7190	165
app/batch/nullifier_runtime/BL-B1-FILLER-3350287152.input.json	0711B2B606B592BC72D4196ADF3FF883BD6C8D2CA6079D3F6EE3C28FE8887298	3264
app/batch/nullifier_runtime/BL-B1-FILLER-3350287152.proof.json	D9B6156FBC1A70BAE70E3622E3F78F72F871BBE4F69E4470D681491FB29E0797	802
app/batch/nullifier_runtime/BL-B1-FILLER-3350287152.public.json	AD8FB74E4B8373F46CF64DB9953BA62DA84857878F17E1D8F1AB635D925A8B60	99
app/batch/nullifier_runtime/BL-B4-ORIGINAL-18625649332292580039911579312575660149051585421658496762390001851213092960322.input.json	00E481291AEC38A086446B647BC1570CC5CA310CB4F1BFD15B85B1A7AAA48032	3464
app/batch/nullifier_runtime/BL-B4-ORIGINAL-18625649332292580039911579312575660149051585421658496762390001851213092960322.proof.json	22FE44EE67C1F74E6628BDEFA35A5A45C2DACE1EB79395F691196AF0A194F776	804
app/batch/nullifier_runtime/BL-B4-ORIGINAL-18625649332292580039911579312575660149051585421658496762390001851213092960322.public.json	8DF022BB401B13E57D5EE89DC1EE83FBAE04EE44E126CBBBDD1D0DAE644CB320	165
app/batch/nullifier_runtime/BL-B4-ORIGINAL-2812950571.input.json	16733B622C693D869AB815A2E41488347A641E02ED09A6D1BD7AD9B5C73D53DF	3331
app/batch/nullifier_runtime/BL-B4-ORIGINAL-2812950571.proof.json	9BCA64DF5F2DB000101A2831C4DD65F223D2414960D1E299A8C02A1D6C3D487F	806
app/batch/nullifier_runtime/BL-B4-ORIGINAL-2812950571.public.json	D42503DD1236708E1553373776C8190305A729A67C1AEA730421786207A6B41E	98
app/batch/nullifier_runtime/BL-B5-SAME-18625649332292580039911579312575660149051585421658496762390001851213092960322.input.json	00E481291AEC38A086446B647BC1570CC5CA310CB4F1BFD15B85B1A7AAA48032	3464
app/batch/nullifier_runtime/BL-B5-SAME-18625649332292580039911579312575660149051585421658496762390001851213092960322.proof.json	37466850327A8679A1F5A54478779298A79616C9873B2FE771EFB5561A93E8A3	804
app/batch/nullifier_runtime/BL-B5-SAME-18625649332292580039911579312575660149051585421658496762390001851213092960322.public.json	8DF022BB401B13E57D5EE89DC1EE83FBAE04EE44E126CBBBDD1D0DAE644CB320	165
app/batch/nullifier_runtime/BL-B5-SAME-2812950571.input.json	16733B622C693D869AB815A2E41488347A641E02ED09A6D1BD7AD9B5C73D53DF	3331
app/batch/nullifier_runtime/BL-B5-SAME-2812950571.proof.json	E8430088A58976D3DA575DF34FDA0358E06B6FA36746A29D4DD049ADBA55EDB0	805
app/batch/nullifier_runtime/BL-B5-SAME-2812950571.public.json	D42503DD1236708E1553373776C8190305A729A67C1AEA730421786207A6B41E	98
app/batch/nullifier_runtime/BL-BATCH-APPROVED-1-18625649332292580039911579312575660149051585421658496762390001851213092960322.input.json	00E481291AEC38A086446B647BC1570CC5CA310CB4F1BFD15B85B1A7AAA48032	3464
app/batch/nullifier_runtime/BL-BATCH-APPROVED-1-18625649332292580039911579312575660149051585421658496762390001851213092960322.proof.json	BC03D3CF38614DE66221F61EEAA4457EB2B9D19F717C9179F38845CC14215CAF	809
app/batch/nullifier_runtime/BL-BATCH-APPROVED-1-18625649332292580039911579312575660149051585421658496762390001851213092960322.public.json	8DF022BB401B13E57D5EE89DC1EE83FBAE04EE44E126CBBBDD1D0DAE644CB320	165
app/batch/nullifier_runtime/BL-BATCH-APPROVED-1-2812950571.input.json	16733B622C693D869AB815A2E41488347A641E02ED09A6D1BD7AD9B5C73D53DF	3331
app/batch/nullifier_runtime/BL-BATCH-APPROVED-1-2812950571.proof.json	C2E4E697CFBEE4A5D6F8FB1654976EDD0E1AEDA50611984CEFE387EAAD23C98D	809
app/batch/nullifier_runtime/BL-BATCH-APPROVED-1-2812950571.public.json	D42503DD1236708E1553373776C8190305A729A67C1AEA730421786207A6B41E	98
app/batch/nullifier_runtime/BL-BATCH-APPROVED-2-18625649332292580039911579312575660149051585421658496762390001851213092960322.input.json	00E481291AEC38A086446B647BC1570CC5CA310CB4F1BFD15B85B1A7AAA48032	3464
app/batch/nullifier_runtime/BL-BATCH-APPROVED-2-18625649332292580039911579312575660149051585421658496762390001851213092960322.proof.json	AE107194FFFAA123757F7E578D7FA78F41E3D3868F283A72AA42D4A1697803BE	803
app/batch/nullifier_runtime/BL-BATCH-APPROVED-2-18625649332292580039911579312575660149051585421658496762390001851213092960322.public.json	8DF022BB401B13E57D5EE89DC1EE83FBAE04EE44E126CBBBDD1D0DAE644CB320	165
app/batch/nullifier_runtime/BL-BATCH-APPROVED-2-2812950571.input.json	16733B622C693D869AB815A2E41488347A641E02ED09A6D1BD7AD9B5C73D53DF	3331
app/batch/nullifier_runtime/BL-BATCH-APPROVED-2-2812950571.proof.json	9AF14AE1055BDD81CC0953ED2572DEBD5A16AF743AB4D2D9B5E6D97FF2386942	806
app/batch/nullifier_runtime/BL-BATCH-APPROVED-2-2812950571.public.json	D42503DD1236708E1553373776C8190305A729A67C1AEA730421786207A6B41E	98
app/batch/nullifier_runtime/BL-DUP-IN-BATCH-18625649332292580039911579312575660149051585421658496762390001851213092960322.input.json	00E481291AEC38A086446B647BC1570CC5CA310CB4F1BFD15B85B1A7AAA48032	3464
app/batch/nullifier_runtime/BL-DUP-IN-BATCH-18625649332292580039911579312575660149051585421658496762390001851213092960322.proof.json	9587CA9D7AC1EF14EA4D06D808A1F702BE4325E029E7517CF59E75AC806EE8D8	809
app/batch/nullifier_runtime/BL-DUP-IN-BATCH-18625649332292580039911579312575660149051585421658496762390001851213092960322.public.json	8DF022BB401B13E57D5EE89DC1EE83FBAE04EE44E126CBBBDD1D0DAE644CB320	165
app/batch/nullifier_runtime/BL-DUP-IN-BATCH-2812950571.input.json	16733B622C693D869AB815A2E41488347A641E02ED09A6D1BD7AD9B5C73D53DF	3331
app/batch/nullifier_runtime/BL-DUP-IN-BATCH-2812950571.proof.json	0481644DF88C3EEC664B089DC3E514EB206EADA056394F58DA0382DF173FE4C1	807
app/batch/nullifier_runtime/BL-DUP-IN-BATCH-2812950571.public.json	D42503DD1236708E1553373776C8190305A729A67C1AEA730421786207A6B41E	98
app/batch/nullifier_runtime/BL-EQ-APPROVED-18625649332292580039911579312575660149051585421658496762390001851213092960322.input.json	00E481291AEC38A086446B647BC1570CC5CA310CB4F1BFD15B85B1A7AAA48032	3464
app/batch/nullifier_runtime/BL-EQ-APPROVED-18625649332292580039911579312575660149051585421658496762390001851213092960322.proof.json	74CF4AC806FD565A001F3DF7FF4776CD04641286AA370DD589ECEBEE429A230D	808
app/batch/nullifier_runtime/BL-EQ-APPROVED-18625649332292580039911579312575660149051585421658496762390001851213092960322.public.json	8DF022BB401B13E57D5EE89DC1EE83FBAE04EE44E126CBBBDD1D0DAE644CB320	165
app/batch/nullifier_runtime/BL-EQ-APPROVED-2812950571.input.json	16733B622C693D869AB815A2E41488347A641E02ED09A6D1BD7AD9B5C73D53DF	3331
app/batch/nullifier_runtime/BL-EQ-APPROVED-2812950571.proof.json	17C45D73F17726B544CED41BDDD8BA963373BEA63654356FC04BC77BF0EB20D5	806
app/batch/nullifier_runtime/BL-EQ-APPROVED-2812950571.public.json	D42503DD1236708E1553373776C8190305A729A67C1AEA730421786207A6B41E	98
app/batch/nullifier_runtime/BL-F3-GOOD-0-18625649332292580039911579312575660149051585421658496762390001851213092960322.input.json	00E481291AEC38A086446B647BC1570CC5CA310CB4F1BFD15B85B1A7AAA48032	3464
app/batch/nullifier_runtime/BL-F3-GOOD-0-18625649332292580039911579312575660149051585421658496762390001851213092960322.proof.json	BF06636F6D551F5CC40550B4C2A2F904ABA6437494DF0F5C9DF1CC7B83976D68	803
app/batch/nullifier_runtime/BL-F3-GOOD-0-18625649332292580039911579312575660149051585421658496762390001851213092960322.public.json	8DF022BB401B13E57D5EE89DC1EE83FBAE04EE44E126CBBBDD1D0DAE644CB320	165
app/batch/nullifier_runtime/BL-F3-GOOD-0-2812950571.input.json	16733B622C693D869AB815A2E41488347A641E02ED09A6D1BD7AD9B5C73D53DF	3331
app/batch/nullifier_runtime/BL-F3-GOOD-0-2812950571.proof.json	E83BC9E868F8B0F7D688D2A3B70BFC898DFA7D18475D975D35FA80B801C7B0CD	807
app/batch/nullifier_runtime/BL-F3-GOOD-0-2812950571.public.json	D42503DD1236708E1553373776C8190305A729A67C1AEA730421786207A6B41E	98
app/batch/nullifier_runtime/BL-F3-GOOD-1-1571236897592993155864913094298535314326825543403511813425260870889284207687.input.json	5357B99FDA3C0F3B989F658B4504E552DFCEF6BA043F82CAEC5B506E1FA01FE6	3464
app/batch/nullifier_runtime/BL-F3-GOOD-1-1571236897592993155864913094298535314326825543403511813425260870889284207687.proof.json	0813621225F42F1A664A10CA062B5D66C35240C0AEBA4ECAD2F0CD5DF3DFE435	804
app/batch/nullifier_runtime/BL-F3-GOOD-1-1571236897592993155864913094298535314326825543403511813425260870889284207687.public.json	4543DDEA2859FD03C48F16C0BF5F74886A6C8AB85A7E499D7E3B7BDD8F1C7190	165
app/batch/nullifier_runtime/BL-F3-GOOD-1-3350287152.input.json	0711B2B606B592BC72D4196ADF3FF883BD6C8D2CA6079D3F6EE3C28FE8887298	3264
app/batch/nullifier_runtime/BL-F3-GOOD-1-3350287152.proof.json	26144DFDF55D1D6FFC66A30ECEA20E0D33D79B5F12C783A8797EDBE8CD3AB9E8	805
app/batch/nullifier_runtime/BL-F3-GOOD-1-3350287152.public.json	AD8FB74E4B8373F46CF64DB9953BA62DA84857878F17E1D8F1AB635D925A8B60	99
app/batch/nullifier_runtime/BL-F3-GOOD-2-16282104724611657709623373540184726729822852201985414681353820452553541435995.input.json	A6C1B36CD5BF1CAE5649BA3D2A8C69F53C3DE3C3EB5AA8FCCE5891AFFFFDE4B5	3540
app/batch/nullifier_runtime/BL-F3-GOOD-2-16282104724611657709623373540184726729822852201985414681353820452553541435995.proof.json	29C6ABAD910C3DDB4740274601B15AA7C773D2E3ECB53A8D312E21A4CBAB8B46	805
app/batch/nullifier_runtime/BL-F3-GOOD-2-16282104724611657709623373540184726729822852201985414681353820452553541435995.public.json	FEC9822B2CA0B6DB6CA662A9243AF410D7E8E7EFF98034CB16C084903143F6D5	166
app/batch/nullifier_runtime/BL-F3-GOOD-2-3081435738.input.json	9C6E9524AE5B8462BCB9A9CFEF899B0797459AFAD2BBC7E70FE904C92AD1997E	3339
app/batch/nullifier_runtime/BL-F3-GOOD-2-3081435738.proof.json	8E89AECF0D70468B888C5D1E75F33BCD2BC30CC476CE356D7A0B50E04A1B89DC	806
app/batch/nullifier_runtime/BL-F3-GOOD-2-3081435738.public.json	B6296F7600C42662CE1FAD68B5D67F9DBAF608F1F22EB9073894E68671CE4904	99
app/batch/nullifier_runtime/BL-F3-GOOD-3-1600854858.input.json	D28C836BE9D24877A6097FE29EDF2E7C525D6B8B7278B8DA2D743AD9A24E4C2F	3330
app/batch/nullifier_runtime/BL-F3-GOOD-3-1600854858.proof.json	F95B6860A689DD4F3A15234B22459CA2EA8B7F6E2E539C22981DE01EA900C019	805
app/batch/nullifier_runtime/BL-F3-GOOD-3-1600854858.public.json	132B4AEE51ADFC750CFA51B94A78B58D266F07B8D202060A77844466657CE4D8	98
app/batch/nullifier_runtime/BL-F3-GOOD-3-3492203315650188667028913809331594387239822704331520213223528035526333036101.input.json	A5F7C0FBAAEC1510680C196E32A2D2E8E5A9E707D96F1DB5C86F6579206274C9	3539
app/batch/nullifier_runtime/BL-F3-GOOD-3-3492203315650188667028913809331594387239822704331520213223528035526333036101.proof.json	77EBFCBEA571837313EBDA73D2E517C9F477C270A23D33ECC13C9FAB724B343C	804
app/batch/nullifier_runtime/BL-F3-GOOD-3-3492203315650188667028913809331594387239822704331520213223528035526333036101.public.json	FBABBF9FDECF0DDB0F8577C046B83334DE56F49620B285A2833F065C54B673F9	164
app/batch/nullifier_runtime/BL-F3-GOOD-4-2827720978.input.json	DB3A4E22B3F78AE1E638EAF9DEB5BF2324D21B89748CCA5DE8215F333B7BD828	3339
app/batch/nullifier_runtime/BL-F3-GOOD-4-2827720978.proof.json	CCAF46F60FA05EC803631F0B117AF2BA9500DBF98D2FC36B267FD1172FC5F6FE	804
app/batch/nullifier_runtime/BL-F3-GOOD-4-2827720978.public.json	BF24DC35981B03162ABEEEB2852B5E1596F6D7E6FA4B1646F96FFF141F46A9FE	99
app/batch/nullifier_runtime/BL-F3-GOOD-4-816025145633706978813280791962098280817637804510891302483547250102011284643.input.json	3DEFD597F64668C2E33A96E6FF3751E451EE8AAD37B0C23571315FFCCE874314	3462
app/batch/nullifier_runtime/BL-F3-GOOD-4-816025145633706978813280791962098280817637804510891302483547250102011284643.proof.json	5296576026243858548BC9C06B21C6D55989572B8CE473DD22865C5CF36645FB	805
app/batch/nullifier_runtime/BL-F3-GOOD-4-816025145633706978813280791962098280817637804510891302483547250102011284643.public.json	877D009467A1ACA395C98B55CA6ED12EB2971DB73B1AE66C004F50605A26EDF9	164
app/batch/nullifier_runtime/BL-F3-GOOD-5-3526511939.input.json	2767102A2CFBC09602C3541D33DBE8EB65EDBE56E133085841584C46B64D6AB4	3340
app/batch/nullifier_runtime/BL-F3-GOOD-5-3526511939.proof.json	471DE950C077E6E16AC9F24E04C6071FF329E315F2802008AA6CBB0D05155112	805
app/batch/nullifier_runtime/BL-F3-GOOD-5-3526511939.public.json	CAD7C7A5F55C064CC212AC594E44C2377AA0D16BF730225014A0BD3BE129E1A5	99
app/batch/nullifier_runtime/BL-F3-GOOD-5-3711590354715719821953190266541345661141210725822348196128375475431275701832.input.json	7A4916F4C1026E25F17D6034F30A6747DCCB843559072A1B0E6E3A134860D350	3538
app/batch/nullifier_runtime/BL-F3-GOOD-5-3711590354715719821953190266541345661141210725822348196128375475431275701832.proof.json	9174BA42802C185F3E05E56AB1F1185A30A9473498DD7342B381C1C00420D9F3	806
app/batch/nullifier_runtime/BL-F3-GOOD-5-3711590354715719821953190266541345661141210725822348196128375475431275701832.public.json	52F402A676119329864B42630BA051BEBD8EAC75603DE4E94B30298271CFB76F	164
app/batch/nullifier_runtime/BL-F4-A-1571236897592993155864913094298535314326825543403511813425260870889284207687.input.json	5357B99FDA3C0F3B989F658B4504E552DFCEF6BA043F82CAEC5B506E1FA01FE6	3464
app/batch/nullifier_runtime/BL-F4-A-1571236897592993155864913094298535314326825543403511813425260870889284207687.proof.json	5B55E93C349F1CB7B85BF1463232CF0B753ABFA6D00D4762997F340D2C0603D2	803
app/batch/nullifier_runtime/BL-F4-A-1571236897592993155864913094298535314326825543403511813425260870889284207687.public.json	4543DDEA2859FD03C48F16C0BF5F74886A6C8AB85A7E499D7E3B7BDD8F1C7190	165
app/batch/nullifier_runtime/BL-F4-A-3350287152.input.json	0711B2B606B592BC72D4196ADF3FF883BD6C8D2CA6079D3F6EE3C28FE8887298	3264
app/batch/nullifier_runtime/BL-F4-A-3350287152.proof.json	9832FB41C480E3A04DA7A2B834588B45A2105220CE2E260EA1BCEAEA9F8D6941	804
app/batch/nullifier_runtime/BL-F4-A-3350287152.public.json	AD8FB74E4B8373F46CF64DB9953BA62DA84857878F17E1D8F1AB635D925A8B60	99
app/batch/nullifier_runtime/BL-F4-B-16282104724611657709623373540184726729822852201985414681353820452553541435995.input.json	A6C1B36CD5BF1CAE5649BA3D2A8C69F53C3DE3C3EB5AA8FCCE5891AFFFFDE4B5	3540
app/batch/nullifier_runtime/BL-F4-B-16282104724611657709623373540184726729822852201985414681353820452553541435995.proof.json	EAF8064B062B13398A8363CA6450C91752197DBF4625806A319785BD2AF4D263	804
app/batch/nullifier_runtime/BL-F4-B-16282104724611657709623373540184726729822852201985414681353820452553541435995.public.json	FEC9822B2CA0B6DB6CA662A9243AF410D7E8E7EFF98034CB16C084903143F6D5	166
app/batch/nullifier_runtime/BL-F4-B-3081435738.input.json	9C6E9524AE5B8462BCB9A9CFEF899B0797459AFAD2BBC7E70FE904C92AD1997E	3339
app/batch/nullifier_runtime/BL-F4-B-3081435738.proof.json	66D192427A8B1DA23B8358294E65483D1D3D4C540CD483BBA222D74B3BA73D53	807
app/batch/nullifier_runtime/BL-F4-B-3081435738.public.json	B6296F7600C42662CE1FAD68B5D67F9DBAF608F1F22EB9073894E68671CE4904	99
app/batch/nullifier_runtime/BL-F4-OVERLAP-18625649332292580039911579312575660149051585421658496762390001851213092960322.input.json	00E481291AEC38A086446B647BC1570CC5CA310CB4F1BFD15B85B1A7AAA48032	3464
app/batch/nullifier_runtime/BL-F4-OVERLAP-18625649332292580039911579312575660149051585421658496762390001851213092960322.proof.json	0616306B8536A2F083BD210DDD13153F91FD7D14315C99AA38ECFB036566E547	806
app/batch/nullifier_runtime/BL-F4-OVERLAP-18625649332292580039911579312575660149051585421658496762390001851213092960322.public.json	8DF022BB401B13E57D5EE89DC1EE83FBAE04EE44E126CBBBDD1D0DAE644CB320	165
app/batch/nullifier_runtime/BL-F4-OVERLAP-2812950571.input.json	16733B622C693D869AB815A2E41488347A641E02ED09A6D1BD7AD9B5C73D53DF	3331
app/batch/nullifier_runtime/BL-F4-OVERLAP-2812950571.proof.json	0B12DD35A0C6087DE6EB8B9CE3CD72DF16084E1707456A97E0E5E326071A8F8F	805
app/batch/nullifier_runtime/BL-F4-OVERLAP-2812950571.public.json	D42503DD1236708E1553373776C8190305A729A67C1AEA730421786207A6B41E	98
app/batch/nullifier_runtime/BL-P1-CENTS-18625649332292580039911579312575660149051585421658496762390001851213092960322.input.json	00E481291AEC38A086446B647BC1570CC5CA310CB4F1BFD15B85B1A7AAA48032	3464
app/batch/nullifier_runtime/BL-P1-CENTS-18625649332292580039911579312575660149051585421658496762390001851213092960322.proof.json	FA679F651CCF4A22BD46C1E8419CCFEAB7EA565B3A946545874C853B9D282883	808
app/batch/nullifier_runtime/BL-P1-CENTS-18625649332292580039911579312575660149051585421658496762390001851213092960322.public.json	8DF022BB401B13E57D5EE89DC1EE83FBAE04EE44E126CBBBDD1D0DAE644CB320	165
app/batch/nullifier_runtime/BL-P1-CENTS-2812950571.input.json	16733B622C693D869AB815A2E41488347A641E02ED09A6D1BD7AD9B5C73D53DF	3331
app/batch/nullifier_runtime/BL-P1-CENTS-2812950571.proof.json	EAF053E700E58A3F919B9654FA610951099110F26764B7DC496FECB810C11259	807
app/batch/nullifier_runtime/BL-P1-CENTS-2812950571.public.json	D42503DD1236708E1553373776C8190305A729A67C1AEA730421786207A6B41E	98
app/batch/nullifier_runtime/BL-P1-DUP-18625649332292580039911579312575660149051585421658496762390001851213092960322.input.json	00E481291AEC38A086446B647BC1570CC5CA310CB4F1BFD15B85B1A7AAA48032	3464
app/batch/nullifier_runtime/BL-P1-DUP-18625649332292580039911579312575660149051585421658496762390001851213092960322.proof.json	76936F46F88B267B6268060626F586458E42C49782BBD432011C8416C474A21A	808
app/batch/nullifier_runtime/BL-P1-DUP-18625649332292580039911579312575660149051585421658496762390001851213092960322.public.json	8DF022BB401B13E57D5EE89DC1EE83FBAE04EE44E126CBBBDD1D0DAE644CB320	165
app/batch/nullifier_runtime/BL-P1-DUP-2812950571.input.json	16733B622C693D869AB815A2E41488347A641E02ED09A6D1BD7AD9B5C73D53DF	3331
app/batch/nullifier_runtime/BL-P1-DUP-2812950571.proof.json	093FF372E581963386B461F96E1DE8A70AED9ADDC5637E180E65EB30368E7572	806
app/batch/nullifier_runtime/BL-P1-DUP-2812950571.public.json	D42503DD1236708E1553373776C8190305A729A67C1AEA730421786207A6B41E	98
app/batch/nullifier_runtime/BL-P1-RULESET-18625649332292580039911579312575660149051585421658496762390001851213092960322.input.json	00E481291AEC38A086446B647BC1570CC5CA310CB4F1BFD15B85B1A7AAA48032	3464
app/batch/nullifier_runtime/BL-P1-RULESET-18625649332292580039911579312575660149051585421658496762390001851213092960322.proof.json	41A165A653A169CBBCFA422D799276C9142E9E7004ABEC5C9942F43AD41DCDF9	803
app/batch/nullifier_runtime/BL-P1-RULESET-18625649332292580039911579312575660149051585421658496762390001851213092960322.public.json	8DF022BB401B13E57D5EE89DC1EE83FBAE04EE44E126CBBBDD1D0DAE644CB320	165
app/batch/nullifier_runtime/BL-P1-RULESET-2812950571.input.json	16733B622C693D869AB815A2E41488347A641E02ED09A6D1BD7AD9B5C73D53DF	3331
app/batch/nullifier_runtime/BL-P1-RULESET-2812950571.proof.json	F80658377F34ED68DB548BEDEB683C8ABE684408CD7C740F24B64CB98E01A6EB	806
app/batch/nullifier_runtime/BL-P1-RULESET-2812950571.public.json	D42503DD1236708E1553373776C8190305A729A67C1AEA730421786207A6B41E	98
app/batch/nullifier_runtime/BL-PROOF-SMOKE-2812950571.input.json	16733B622C693D869AB815A2E41488347A641E02ED09A6D1BD7AD9B5C73D53DF	3331
app/batch/nullifier_runtime/BL-PROOF-SMOKE-2812950571.proof.json	5DCE37EE1E2F0345CD52E16B792BAC092CCB389661019702FED2B7EE5272051F	805
app/batch/nullifier_runtime/BL-PROOF-SMOKE-2812950571.public.json	D42503DD1236708E1553373776C8190305A729A67C1AEA730421786207A6B41E	98
app/batch/nullifier_runtime/BL-S1-100-0000-18625649332292580039911579312575660149051585421658496762390001851213092960322.input.json	00E481291AEC38A086446B647BC1570CC5CA310CB4F1BFD15B85B1A7AAA48032	3464
app/batch/nullifier_runtime/BL-S1-100-0000-18625649332292580039911579312575660149051585421658496762390001851213092960322.proof.json	AE9FCDF8DFFFC68292D2454684B616AACAB0EE3A895B9A8F8ABA2DCAEDC25340	807
app/batch/nullifier_runtime/BL-S1-100-0000-18625649332292580039911579312575660149051585421658496762390001851213092960322.public.json	8DF022BB401B13E57D5EE89DC1EE83FBAE04EE44E126CBBBDD1D0DAE644CB320	165
app/batch/nullifier_runtime/BL-S1-100-0001-1571236897592993155864913094298535314326825543403511813425260870889284207687.input.json	5357B99FDA3C0F3B989F658B4504E552DFCEF6BA043F82CAEC5B506E1FA01FE6	3464
app/batch/nullifier_runtime/BL-S1-100-0001-1571236897592993155864913094298535314326825543403511813425260870889284207687.proof.json	9393C4CC517B00CA0EA3AA54A67D1AE48C5DFC189DB893D73FBEE88647AE7F19	806
app/batch/nullifier_runtime/BL-S1-100-0001-1571236897592993155864913094298535314326825543403511813425260870889284207687.public.json	4543DDEA2859FD03C48F16C0BF5F74886A6C8AB85A7E499D7E3B7BDD8F1C7190	165
app/batch/nullifier_runtime/BL-S1-100-0002-16282104724611657709623373540184726729822852201985414681353820452553541435995.input.json	A6C1B36CD5BF1CAE5649BA3D2A8C69F53C3DE3C3EB5AA8FCCE5891AFFFFDE4B5	3540
app/batch/nullifier_runtime/BL-S1-100-0002-16282104724611657709623373540184726729822852201985414681353820452553541435995.proof.json	6F43A030C5ABFC7E1DC4120055868D1F22A1819FCA97E517A9CDFDDB25BAC089	803
app/batch/nullifier_runtime/BL-S1-100-0002-16282104724611657709623373540184726729822852201985414681353820452553541435995.public.json	FEC9822B2CA0B6DB6CA662A9243AF410D7E8E7EFF98034CB16C084903143F6D5	166
app/batch/nullifier_runtime/BL-S1-100-0003-3492203315650188667028913809331594387239822704331520213223528035526333036101.input.json	A5F7C0FBAAEC1510680C196E32A2D2E8E5A9E707D96F1DB5C86F6579206274C9	3539
app/batch/nullifier_runtime/BL-S1-100-0003-3492203315650188667028913809331594387239822704331520213223528035526333036101.proof.json	CEF455AA62476FA7D50685A0C28F511D68F7F8B8D1351E75A8D9CBFA853693F9	807
app/batch/nullifier_runtime/BL-S1-100-0003-3492203315650188667028913809331594387239822704331520213223528035526333036101.public.json	FBABBF9FDECF0DDB0F8577C046B83334DE56F49620B285A2833F065C54B673F9	164
app/batch/nullifier_runtime/BL-S1-100-0004-816025145633706978813280791962098280817637804510891302483547250102011284643.input.json	3DEFD597F64668C2E33A96E6FF3751E451EE8AAD37B0C23571315FFCCE874314	3462
app/batch/nullifier_runtime/BL-S1-100-0004-816025145633706978813280791962098280817637804510891302483547250102011284643.proof.json	FFCC18A5B97D0537698895CBD517DB55E9228FBD0210061628FD1E5A4D4541F4	806
app/batch/nullifier_runtime/BL-S1-100-0004-816025145633706978813280791962098280817637804510891302483547250102011284643.public.json	877D009467A1ACA395C98B55CA6ED12EB2971DB73B1AE66C004F50605A26EDF9	164
app/batch/nullifier_runtime/BL-S1-100-0005-3711590354715719821953190266541345661141210725822348196128375475431275701832.input.json	7A4916F4C1026E25F17D6034F30A6747DCCB843559072A1B0E6E3A134860D350	3538
app/batch/nullifier_runtime/BL-S1-100-0005-3711590354715719821953190266541345661141210725822348196128375475431275701832.proof.json	6C76267A6F634638E28734A0BC54177287FBF96DBC8F4AEA556624957F72D056	804
app/batch/nullifier_runtime/BL-S1-100-0005-3711590354715719821953190266541345661141210725822348196128375475431275701832.public.json	52F402A676119329864B42630BA051BEBD8EAC75603DE4E94B30298271CFB76F	164
app/batch/nullifier_runtime/BL-S1-100-0006-10914014432711002567444439658422927877874816985050479865132950428783816611336.input.json	EFE80ABD2A8F9F84C584C89AF62EFD6A3801901F1ECD82B80A090784750F6E99	3538
app/batch/nullifier_runtime/BL-S1-100-0006-10914014432711002567444439658422927877874816985050479865132950428783816611336.proof.json	8F91C91569C19134DB96414DAD89416D151FC247D18F08655F7658753F940BDB	806
app/batch/nullifier_runtime/BL-S1-100-0006-10914014432711002567444439658422927877874816985050479865132950428783816611336.public.json	C53FCD0AC66D46A108DFBE3981684E601376460BBE2FE740BD4F4FB7E036EFBD	165
app/batch/nullifier_runtime/BL-S1-100-0007-4490017652024106190796667019512258392510996722816333127737573740671112219149.input.json	F527AF31C389F3907E77787A2BB49113780B36F989827629B9BEC7E657EE4054	3537
app/batch/nullifier_runtime/BL-S1-100-0007-4490017652024106190796667019512258392510996722816333127737573740671112219149.proof.json	E58E09A3149EE61EEF2EB3F8EC0E9E81B23EF37D4806FB0069F6384071533409	805
app/batch/nullifier_runtime/BL-S1-100-0007-4490017652024106190796667019512258392510996722816333127737573740671112219149.public.json	42C37277DB0D33779CAFE8CD0C61AD748CE098AEDECE798249A93B166EBF1D5E	165
app/batch/nullifier_runtime/BL-S1-100-0008-6844352908723650585322042452047096557408879118423041716716128675101333024514.input.json	73745908A181E90661197BDABFB33C6F6CCDCC46519303A0E4EFFB897657FC13	3537
app/batch/nullifier_runtime/BL-S1-100-0008-6844352908723650585322042452047096557408879118423041716716128675101333024514.proof.json	19DC064EC136F4BCD045B7C2DD770BC42795A4AA5A389E21BA5C45E2D5036E37	804
app/batch/nullifier_runtime/BL-S1-100-0008-6844352908723650585322042452047096557408879118423041716716128675101333024514.public.json	6AD282B6DE811AB24DF549524EC2F06C3252C5FFFEEFA1CA7BCB9817C3AFE712	164
app/batch/nullifier_runtime/BL-S1-100-0009-4928642681007442182896045133458534085240959820676072924736671918356972735674.input.json	5A526F7E92859166AAEBDF606FAD82A504810F28078C79C48DDEBB3D6E0F5EF6	3536
app/batch/nullifier_runtime/BL-S1-100-0009-4928642681007442182896045133458534085240959820676072924736671918356972735674.proof.json	7DFC5BE355173A163613508955ABE0B50617D563049DF83FAAC16B788C72E778	806
app/batch/nullifier_runtime/BL-S1-100-0009-4928642681007442182896045133458534085240959820676072924736671918356972735674.public.json	428A262D104467A8B0AFED7C14A0870FD10E7626913D2A4DDCABA0C15E3C04EB	165
app/batch/nullifier_runtime/BL-S1-100-0010-17747528936024746142706775445052780976298934341010980669774476483720852139258.input.json	1726AE5283A99938A6E25BB3C31E5C099B62575A7AB071B21EF7747B54C8871D	3539
app/batch/nullifier_runtime/BL-S1-100-0010-17747528936024746142706775445052780976298934341010980669774476483720852139258.proof.json	8D41E7DBF7F6A8002B878965D54595B3BC122EDDCC413ABDBFCDD862BB6D6DC7	803
app/batch/nullifier_runtime/BL-S1-100-0010-17747528936024746142706775445052780976298934341010980669774476483720852139258.public.json	4F4D4B902F19A462C0D8E943F7C6FB192EA39B8DEBE55C902D47F020F2CFA965	165
app/batch/nullifier_runtime/BL-S1-100-0011-11197113996054275899357628525796902079578541737775063587925096936627360438019.input.json	7AAA9B1C742FDA4D254EAC8BB8E4FD384553732EE57CBABCDDCE6D6E22329730	3537
app/batch/nullifier_runtime/BL-S1-100-0011-11197113996054275899357628525796902079578541737775063587925096936627360438019.proof.json	EEB06FB3BB39E027D3A8B753BBAD98B3F0AD096C9D78EFADB601B5F162B3091F	808
app/batch/nullifier_runtime/BL-S1-100-0011-11197113996054275899357628525796902079578541737775063587925096936627360438019.public.json	637C0B1E7373ADDDAAFE4ED472B2E528D545273146AF4D8290C3AC9F8B3F06C1	163
app/batch/nullifier_runtime/BL-S1-100-0012-17285129784896071104718506918342814337789729754810181130935384480999987263722.input.json	7494F4EBF8291A4C5F23AB9015AA2AF59DA1978DD192F0FD1B4BCC64F63F0F30	3541
app/batch/nullifier_runtime/BL-S1-100-0012-17285129784896071104718506918342814337789729754810181130935384480999987263722.proof.json	AE77876AA356BC96174DC7165EFE41CA561307C1919F5F0436A25A421CDE9D4B	803
app/batch/nullifier_runtime/BL-S1-100-0012-17285129784896071104718506918342814337789729754810181130935384480999987263722.public.json	CCB8FB20AB410B01737E6BF63E5B5DC80F06D8AF5CFD09B7205DB6B2D22C2DD8	166
app/batch/nullifier_runtime/BL-S1-100-0013-20676067692612071635108317633092825154986346276609089748029877639489300115837.input.json	6662E04442C76C262A27DFB690A73DD53FC00BE38CB427152C6A72F30EF40FE8	3541
app/batch/nullifier_runtime/BL-S1-100-0013-20676067692612071635108317633092825154986346276609089748029877639489300115837.proof.json	85FB9B0579B7BA5E8A8F19E3389DB7AD451F1C2E53554C6460C147C2B849E97E	805
app/batch/nullifier_runtime/BL-S1-100-0013-20676067692612071635108317633092825154986346276609089748029877639489300115837.public.json	A0959381388632259E1AE1F0CE26E4A1A4CD31D9C483615361847560CD8C9554	166
app/batch/nullifier_runtime/BL-S1-100-0014-5719457071239957308680893618830116366643516248136806199396303970117990967544.input.json	D595AEE90659B28FF45D787FE4E34A8DBEC41C065143210C5EBDF5AC2CA59C38	3541
app/batch/nullifier_runtime/BL-S1-100-0014-5719457071239957308680893618830116366643516248136806199396303970117990967544.proof.json	8E67809A1B13BA5230A7C81F584E792D66EB2EADCA3F8F0AC1471285F473A20C	806
app/batch/nullifier_runtime/BL-S1-100-0014-5719457071239957308680893618830116366643516248136806199396303970117990967544.public.json	4B2B91F267D4EDC4E6FBF88D752A7650A8385F1F6C964CC1660ACE9620D75D39	165
app/batch/nullifier_runtime/BL-S1-100-0015-18870356865083717414058780235627512346351226064700434162453603082559496044812.input.json	89386B74570C3EC05F5682F13CC798F1910F775762BECB1D535CC1A9E2F17F48	3542
app/batch/nullifier_runtime/BL-S1-100-0015-18870356865083717414058780235627512346351226064700434162453603082559496044812.proof.json	6E468BA07E9AF83B5BA3118A737DDB68CF1588FE4EC1CB5DBBBDEB3BF1AEB321	807
app/batch/nullifier_runtime/BL-S1-100-0015-18870356865083717414058780235627512346351226064700434162453603082559496044812.public.json	222218050BF264392FF06E9FB62688849CE6C6D4D9D3177C66E776A4BF2E607D	165
app/batch/nullifier_runtime/BL-S1-100-0016-10146440772806339402275227214978753376712442897169803589906775680607044254518.input.json	B58E4F2CC2C3BADB3873E0BF025A5384CDF279D85AFE5867C593F95EE341D74E	3542
app/batch/nullifier_runtime/BL-S1-100-0016-10146440772806339402275227214978753376712442897169803589906775680607044254518.proof.json	3DB5DD371168E92EA6A22889A8302B0F45833C5CC2224BB2FFD9A37EDDC66190	804
app/batch/nullifier_runtime/BL-S1-100-0016-10146440772806339402275227214978753376712442897169803589906775680607044254518.public.json	9CF2033310F7FD1802E1B3BA2FD31E5566E22C617064EF9C5F198BFAF7AD21A5	166
app/batch/nullifier_runtime/BL-S1-100-0017-17117346399635322451407420673361818470478309193451266691021270234187497555703.input.json	A84BDBBD4EBE99BC44172F6CCDC7463A4C472B65F09D66B44876A75F493C0E43	3541
app/batch/nullifier_runtime/BL-S1-100-0017-17117346399635322451407420673361818470478309193451266691021270234187497555703.proof.json	4B926F82BABA01EED72F6BBC712DED6C1CF235EA00E20D4B638B9413395314FF	806
app/batch/nullifier_runtime/BL-S1-100-0017-17117346399635322451407420673361818470478309193451266691021270234187497555703.public.json	875C7A24F64942122D2420EFE1EBE176E6EAC6334CD8A011E29A6C748560675B	165
app/batch/nullifier_runtime/BL-S1-100-0018-13171702933112035481166046771816434644190314151205873155609436131575609915827.input.json	654CD905B85AD664F157944B148755FC33DA901DB78E346577C41311D3233D87	3544
app/batch/nullifier_runtime/BL-S1-100-0018-13171702933112035481166046771816434644190314151205873155609436131575609915827.proof.json	9BE199E67D9B39D662C34D28496E457CA449851068BB51CD7F955B2FB2A98758	803
app/batch/nullifier_runtime/BL-S1-100-0018-13171702933112035481166046771816434644190314151205873155609436131575609915827.public.json	C17CF3C48C3678715AF7D8FF937152E9412E97BB353AEFFB86A7EE42FEA6200F	166
app/batch/nullifier_runtime/BL-S1-100-0019-21753347409054484278875336074207404592392567179104269434821025160636361364216.input.json	635301C5C76D7CECFAAB7A815D81E488E8ACB4A8DE1805C1B64D17FD122C7713	3541
app/batch/nullifier_runtime/BL-S1-100-0019-21753347409054484278875336074207404592392567179104269434821025160636361364216.proof.json	D3BB5674984403E7A5ED113035AC98FF35CD9358B12F275D9F186B26A152F565	805
app/batch/nullifier_runtime/BL-S1-100-0019-21753347409054484278875336074207404592392567179104269434821025160636361364216.public.json	3FD038F87D61D73D85CBA8192BB6194F7D343C0F31E267A19AA54E1B260394A6	166
app/batch/nullifier_runtime/BL-S1-100-0020-3894901555557435069756985912800184293325498865887666466996815314375347891880.input.json	502B76BE07B107EB5817F9FBB6B010210C41F66E4CAD944A4315B6A68F1854F7	3538
app/batch/nullifier_runtime/BL-S1-100-0020-3894901555557435069756985912800184293325498865887666466996815314375347891880.proof.json	6111E8A8916DF4F689CBD5C2057DDB817AA38CAC36BF81A4A8E93D3876FD5B7A	806
app/batch/nullifier_runtime/BL-S1-100-0020-3894901555557435069756985912800184293325498865887666466996815314375347891880.public.json	F2088B18A8126433BFA0DE7D9D7B26E10BAF27936D67D47A74CF90B0FEB6A4F3	163
app/batch/nullifier_runtime/BL-S1-100-0021-11913751646789533989539669232856529497960329062808751222783334279521051432046.input.json	347AB5804D9CE720C2B0F8CF1E0A6A892E99DDA0265B9E8395074551F8EDA67B	3545
app/batch/nullifier_runtime/BL-S1-100-0021-11913751646789533989539669232856529497960329062808751222783334279521051432046.proof.json	AAC11E24B35C62AA5AE37C36A7282D2A259696A40CB38457E89130E888B5F322	805
app/batch/nullifier_runtime/BL-S1-100-0021-11913751646789533989539669232856529497960329062808751222783334279521051432046.public.json	78DFD2F0CB38F356998B3F74A5AFA8D38C0DF0B89F5C5826C03A7DA124B3C20A	166
app/batch/nullifier_runtime/BL-S1-100-0022-17321467331317089212276131410611482702295272669322627958500591490014419338996.input.json	11DBE5549F9AC0711A31AB411A047C33DB7651FA31BD09E672C7A29790D62786	3546
app/batch/nullifier_runtime/BL-S1-100-0022-17321467331317089212276131410611482702295272669322627958500591490014419338996.proof.json	FB864701C1C9E48C58521925285DF2B68D8E31DABB91AA125F6F2AF5206177DC	806
app/batch/nullifier_runtime/BL-S1-100-0022-17321467331317089212276131410611482702295272669322627958500591490014419338996.public.json	BF60088536C71F052DB3F5DB124D048DAB6893B1FDA393581E06E0BB31E60B7D	166
app/batch/nullifier_runtime/BL-S1-100-0023-12992755459743602818140322366505668644813654953868980630972245910594760346283.input.json	D30A71048A5694EF9827F28252203F62A69F709A927F8CDC1D0ACAA9C85BB043	3542
app/batch/nullifier_runtime/BL-S1-100-0023-12992755459743602818140322366505668644813654953868980630972245910594760346283.proof.json	39DA721F1AC58CA23B9DDFAED78E6643BE84E9DEFB5C6A1B0605CAF151CE5FA2	800
app/batch/nullifier_runtime/BL-S1-100-0023-12992755459743602818140322366505668644813654953868980630972245910594760346283.public.json	757ECCD5D35B4E11A93610353DA438F97574D77D9117ADB634C0978C4DBDBC7C	165
app/batch/nullifier_runtime/BL-S1-100-0024-7671039999468029406720965798676648160995831741013819917704200763782217308145.input.json	7919E7AFFE4AABB73F7626996CC4E962ACC3105FCF1DCBA6C64C317338028E79	3543
app/batch/nullifier_runtime/BL-S1-100-0024-7671039999468029406720965798676648160995831741013819917704200763782217308145.proof.json	F89509D6F1D99E12129810893A64B32A4757409C33CE8D0E13CF4B36369CBB1B	805
app/batch/nullifier_runtime/BL-S1-100-0024-7671039999468029406720965798676648160995831741013819917704200763782217308145.public.json	E62EB29711841C0D7F3259BED57C9D491D961B2B37EC92A3459319B0BAE367E6	164
app/batch/nullifier_runtime/BL-S1-100-0025-5515267217039071614240780191978630237014855341770961617778080317418512183497.input.json	9BCDE2094B26FD3605859F2EFA5D48B75025B9469FA861FA102B116F3A4AEB5A	3541
app/batch/nullifier_runtime/BL-S1-100-0025-5515267217039071614240780191978630237014855341770961617778080317418512183497.proof.json	945E7015B1EE7DB7825AF2B2F09B5EE591641E58C4604DB2CB65C92588D22EA6	800
app/batch/nullifier_runtime/BL-S1-100-0025-5515267217039071614240780191978630237014855341770961617778080317418512183497.public.json	5690C3E809BE3BEDAB0194ADFBC6EFF9574C1E993B2AA840B757904DE0DED0E0	164
app/batch/nullifier_runtime/BL-S1-100-0026-21108390943941670886495797220647995653524011521619945818563984607992845853339.input.json	6F9551485F0A8BF9F299400C2253BF8FE699EEA02CB9F9E2F5B278CDC0D9F77C	3543
app/batch/nullifier_runtime/BL-S1-100-0026-21108390943941670886495797220647995653524011521619945818563984607992845853339.proof.json	C2BD247785E383DDDE2F195481ACD1FF335174D593D06B4A20230DB636ED4A94	805
app/batch/nullifier_runtime/BL-S1-100-0026-21108390943941670886495797220647995653524011521619945818563984607992845853339.public.json	2FF125C69CFB172316208F8534E8162103A6F17298E1479D76E56854FE8925DB	165
app/batch/nullifier_runtime/BL-S1-100-0027-20287074101055697236833686624621390453631528490136674581160609484869631197514.input.json	8172A6183BDB840DAEFBC0A10A5DEAE91764E8F95436716FEC02DD94C5D397FB	3542
app/batch/nullifier_runtime/BL-S1-100-0027-20287074101055697236833686624621390453631528490136674581160609484869631197514.proof.json	614077061710D5A3B3013AC4CBCF5D7FE20999CCAE6BFA9926F48E9FFE79A0F9	805
app/batch/nullifier_runtime/BL-S1-100-0027-20287074101055697236833686624621390453631528490136674581160609484869631197514.public.json	3073ADF5042B07C3D472504F7D8817B65BF754B91C81305E48ABE5F0BCBF2F28	166
app/batch/nullifier_runtime/BL-S1-100-0028-13938432362304476643425954952221505598812619860407482701954021474782338416017.input.json	19F821DCE1372A74261F233D633CFE516EBD3DA3ACDFA231456AD00354A6EBB8	3541
app/batch/nullifier_runtime/BL-S1-100-0028-13938432362304476643425954952221505598812619860407482701954021474782338416017.proof.json	E698719E9F9F060AB1375C1AA3856FB799094A33CC532BC5466426723CACC452	805
app/batch/nullifier_runtime/BL-S1-100-0028-13938432362304476643425954952221505598812619860407482701954021474782338416017.public.json	D7BAFC7A3C4F5BAFCB8247A91D721E1D23BE5F6A8384B3E570CE4D5C37873C29	165
app/batch/nullifier_runtime/BL-S1-100-0029-1994583789799899304424207858098326132881332241261836642932850714409455648494.input.json	61AD062B03519FC52EA9727BC2E31458F5C10510CEB125E5FA083BFF012602D0	3539
app/batch/nullifier_runtime/BL-S1-100-0029-1994583789799899304424207858098326132881332241261836642932850714409455648494.proof.json	F87D206451F01E003E4899E844B321567B3EA9E57953A1DF9B0131E9B4BEE960	806
app/batch/nullifier_runtime/BL-S1-100-0029-1994583789799899304424207858098326132881332241261836642932850714409455648494.public.json	C6721A78C1425327A8078C168C809F08669A84645A1CFB6E565103A194993EAB	164
app/batch/nullifier_runtime/BL-S1-100-0030-13410566039584826843700058884006681212060569997124938317713960726531192039448.input.json	E89A083793A08FA25CF488D4ADBFA1ABB91447B7EA0BEFFE61F4EC3A2C2A72B5	3542
app/batch/nullifier_runtime/BL-S1-100-0030-13410566039584826843700058884006681212060569997124938317713960726531192039448.proof.json	12BC5292BF2641B42CFA3D9397CE7D6225850D6CB82C5995EA45C5678F63F4EF	805
app/batch/nullifier_runtime/BL-S1-100-0030-13410566039584826843700058884006681212060569997124938317713960726531192039448.public.json	40563BE017BF6E90794161A0A5A372ABC12F8CE75E789730EABBCFA2A3F8D4B4	165
app/batch/nullifier_runtime/BL-S1-100-0031-10379787513688831383933384695684670109894595915084619192438095281501091402656.input.json	2E54B58475640633C9736328C8EF3A887A1E0E611DCEA0FF620BC1320955FFE6	3541
app/batch/nullifier_runtime/BL-S1-100-0031-10379787513688831383933384695684670109894595915084619192438095281501091402656.proof.json	371F57C72F290C77E2C1D8B49635A69DCD4C7033ECA75D4A332EBFF638C52345	804
app/batch/nullifier_runtime/BL-S1-100-0031-10379787513688831383933384695684670109894595915084619192438095281501091402656.public.json	B79CB33AD93E7FD346CFE5D7FD382A071FD735946C51AD807FD4F34B8CF26FD5	165
app/batch/nullifier_runtime/BL-S1-100-0032-5345158112232342076333050759910889428538664763685506452544412527982870280664.input.json	C0BB10FA66A2DAC19C0E129F4F343669082C7C38062B688CE2D899D9A1985ADA	3541
app/batch/nullifier_runtime/BL-S1-100-0032-5345158112232342076333050759910889428538664763685506452544412527982870280664.proof.json	3E78193D35E4ED38CD5DA1ABFA8422F07224C2F4F9328C5E5E836D0C6A4910CC	806
app/batch/nullifier_runtime/BL-S1-100-0032-5345158112232342076333050759910889428538664763685506452544412527982870280664.public.json	60CDE77291ED98BF864BFC143D35908263FF8C1FCC23FAAC22C22AF7B28B94C2	165
app/batch/nullifier_runtime/BL-S1-100-0033-9775511381681224839224179599421000124724217720340173214719871570907804864870.input.json	171F287D22BA461F7F129EAEB4E2C65442CCB57347672C45CCC4233D26F8D156	3537
app/batch/nullifier_runtime/BL-S1-100-0033-9775511381681224839224179599421000124724217720340173214719871570907804864870.proof.json	47DD58408F9C28C9ABADDACA8AA9CF7EF3534F894C574A6382396383B7E34CD3	805
app/batch/nullifier_runtime/BL-S1-100-0033-9775511381681224839224179599421000124724217720340173214719871570907804864870.public.json	7F88B423EF30EF883C4CD8F5549206D57015D50B85775CB7C8671DA7E161BE56	165
app/batch/nullifier_runtime/BL-S1-100-0034-1589171318154762895022642929732325189700725060204846263952096745633089957616.input.json	D44C4792B9C4602A392788B41421B5D16C9AB3EC1A743DAD33ABB9E77DEC8975	3539
app/batch/nullifier_runtime/BL-S1-100-0034-1589171318154762895022642929732325189700725060204846263952096745633089957616.proof.json	BBAD5B83F4B4F9B687561E8BA70C8FE66CD5E47CF9062E9520DD763E9A95857D	806
app/batch/nullifier_runtime/BL-S1-100-0034-1589171318154762895022642929732325189700725060204846263952096745633089957616.public.json	148E889BD4A2DE9F16656605EFE4FC58EFB172F1002A06683A900FD023D4818B	164
app/batch/nullifier_runtime/BL-S1-100-0035-3288702909906999227923607656376822007880067661700889511820190559017029304878.input.json	35012E70A6C385BA23F8C124FB4F66AB325525DFB8E2AA1C390F8964F08F9F68	3537
app/batch/nullifier_runtime/BL-S1-100-0035-3288702909906999227923607656376822007880067661700889511820190559017029304878.proof.json	80B2C615AD4CBFD14A289BDE694EB7829B5DF604C9BB48667CF9F9B0F66709AE	806
app/batch/nullifier_runtime/BL-S1-100-0035-3288702909906999227923607656376822007880067661700889511820190559017029304878.public.json	044000028DC5A7AF4E3E878EEE33F03D3F7A58F55C690A503F469747AEA38905	164
app/batch/nullifier_runtime/BL-S1-100-0036-11130348408451939934166725743817897740003472061196055349496386512121256089782.input.json	934E74582FFA662046C13DB148D8C1E259EFFF12DB2ED18D63934E8ADB3C03E9	3544
app/batch/nullifier_runtime/BL-S1-100-0036-11130348408451939934166725743817897740003472061196055349496386512121256089782.proof.json	29F2F36F69B9D2E53CFF1F8C89ABF1308EA716B063EFCB33C1BDA524D78BE321	803
app/batch/nullifier_runtime/BL-S1-100-0036-11130348408451939934166725743817897740003472061196055349496386512121256089782.public.json	929E9AEFFC80FE8F624F473EF74DE2C733BEEF8BE515F9FCEE1B4AA119E51699	166
app/batch/nullifier_runtime/BL-S1-100-0037-16232350695955666953884936982486209878016798799853477496601389056844117967036.input.json	1B61727D57658E6B3E38B45B0838B1D67340C7F051ADF280584C33940BC516EE	3539
app/batch/nullifier_runtime/BL-S1-100-0037-16232350695955666953884936982486209878016798799853477496601389056844117967036.proof.json	F1BD7BAF843187D77967978AD097576111386E5A949882480F5AA8C66FD2C75E	804
app/batch/nullifier_runtime/BL-S1-100-0037-16232350695955666953884936982486209878016798799853477496601389056844117967036.public.json	E32CF1CC23B5206061ECF23B012F430A8CF206802F3AD5AB81457731B8624837	165
app/batch/nullifier_runtime/BL-S1-100-0038-9836519446939213854229760426677202492634253724504202330943449533397820720769.input.json	D4F5C1364E25F04ABE833956558C2B208BD94C7BA7C7B9650C1432ADA55BE45D	3541
app/batch/nullifier_runtime/BL-S1-100-0038-9836519446939213854229760426677202492634253724504202330943449533397820720769.proof.json	3155B43B796250311E9B30300997EC884C8D0F6311A68430D71DD87C4612C38E	804
app/batch/nullifier_runtime/BL-S1-100-0038-9836519446939213854229760426677202492634253724504202330943449533397820720769.public.json	2A844932F0E2AC0EB8E8A2FE992764F96C8F0EB946C4368A3A188D630AF8C8A4	164
app/batch/nullifier_runtime/BL-S1-100-0039-2129143568935464358357445668883834871493507709666192565702513243472886104279.input.json	76BCE96406B04EFBE2D0BA6F87EDFB8B3F11CCD5C6F974C6106D6D6899A4A0EB	3539
app/batch/nullifier_runtime/BL-S1-100-0039-2129143568935464358357445668883834871493507709666192565702513243472886104279.proof.json	A04C494E15CFFE2F8B489AED40FA8E1E05003D6137B5762517C4879618C6BE05	805
app/batch/nullifier_runtime/BL-S1-100-0039-2129143568935464358357445668883834871493507709666192565702513243472886104279.public.json	6D8084E76D6457B2BCA401F72BFF3393CCCAADB009BA07DA0EB9EF083BC30CA0	164
app/batch/nullifier_runtime/BL-S1-100-0040-5773245263375046281977772235499950326768715682231545208216220867653548726443.input.json	A4F8CE0756588565BFA006AF43D449F9321A6C44A82772532E675E3D53662A52	3539
app/batch/nullifier_runtime/BL-S1-100-0040-5773245263375046281977772235499950326768715682231545208216220867653548726443.proof.json	041BF73E80494780C32013A16DB8D4B792798AF92D6610C20410E1B66628EC79	804
app/batch/nullifier_runtime/BL-S1-100-0040-5773245263375046281977772235499950326768715682231545208216220867653548726443.public.json	A0D0D574FE84AA894417248F166C6EC32408FBED9204CFD82AC3EBD927237337	164
app/batch/nullifier_runtime/BL-S1-100-0041-18354286954575990735420522217519098122404671596947045745300258359944117220462.input.json	F072C28CADCD7F72F7BC795E8C38C692A1F50CD7837B7C825A89200B846BE7BC	3542
app/batch/nullifier_runtime/BL-S1-100-0041-18354286954575990735420522217519098122404671596947045745300258359944117220462.proof.json	89638C93EBC2CF5240FB3655D4D6A3B5C9AA09708444C4085AD3B41FE9D61695	806
app/batch/nullifier_runtime/BL-S1-100-0041-18354286954575990735420522217519098122404671596947045745300258359944117220462.public.json	FD8C6CB8EF68114AC9A9AA2558D32070CCE6FDE9F0A3542546B214E017F224DA	165
app/batch/nullifier_runtime/BL-S1-100-0042-18580662323673980990062575813046155327480983659926652581652918737784661613592.input.json	36F4253F5A9857088E5034587C6CE06254D447289E7472CB303EA9EF0ED97487	3542
app/batch/nullifier_runtime/BL-S1-100-0042-18580662323673980990062575813046155327480983659926652581652918737784661613592.proof.json	F3C3ACA267CFD386436E55E8B1E267065F1481D044299A5E08E3056840B61895	803
app/batch/nullifier_runtime/BL-S1-100-0042-18580662323673980990062575813046155327480983659926652581652918737784661613592.public.json	F303D128C76BF6241C3F7833A2068236ADD72E7BA32B677BD3DE0A859BDEE534	166
app/batch/nullifier_runtime/BL-S1-100-0043-16593584260110070821543548709633785129459589434355784146457866823425449441664.input.json	A5B945DE7983774B7C9C3E96A967E9145D0003F1D8892CA1F0DD5E7467184C50	3541
app/batch/nullifier_runtime/BL-S1-100-0043-16593584260110070821543548709633785129459589434355784146457866823425449441664.proof.json	D463A596847E1FBC1B71432E857C1B470ADE32E93509329F7DE847CE6088B742	803
app/batch/nullifier_runtime/BL-S1-100-0043-16593584260110070821543548709633785129459589434355784146457866823425449441664.public.json	62B872A45DDD4EB305343F277DB3F755D0FA614FA61323BEDA7980A3FF2D8679	165
app/batch/nullifier_runtime/BL-S1-100-0044-19380353307505327527489596212612431623897877172038137316557131869442350289773.input.json	B033C351E172A960554AEB0761DA2FD1BCAAB54A4E9275A7009C7257865241E9	3543
app/batch/nullifier_runtime/BL-S1-100-0044-19380353307505327527489596212612431623897877172038137316557131869442350289773.proof.json	AF6BC27AEFE1CDD0FEFFF46A652758B4E964EE33DFBB75ECBB17EAE6D1AB2A7E	806
app/batch/nullifier_runtime/BL-S1-100-0044-19380353307505327527489596212612431623897877172038137316557131869442350289773.public.json	9DD9699C3DF2FD27F803D31BF46F84AC479A43A940D562309F8C7700C1B8B0BC	166
app/batch/nullifier_runtime/BL-S1-100-0045-16254255316813579642417749551002966356427821721085580448324603823090364004164.input.json	2F6A78FC29D9A26AA0D7B18A4FC04CBC1904AAF532BB2F371B1FFD48FDA1A80D	3543
app/batch/nullifier_runtime/BL-S1-100-0045-16254255316813579642417749551002966356427821721085580448324603823090364004164.proof.json	028DB1E1BBCE309191B4124BD23C5B3935081B75DECE489C93412DF77C04BB10	806
app/batch/nullifier_runtime/BL-S1-100-0045-16254255316813579642417749551002966356427821721085580448324603823090364004164.public.json	B747686F2FC0F953D88542B5F338B3A7765B982DC864CCF04D5DDE2E2F2922B7	165
app/batch/nullifier_runtime/BL-S1-100-0046-11064228300742546507269366223690494518952081830167827958371205255223084679386.input.json	5441D53BDE9BCA3F2F81496074075C20ECE2355BC3833FC5AB65C3E84016D7E9	3542
app/batch/nullifier_runtime/BL-S1-100-0046-11064228300742546507269366223690494518952081830167827958371205255223084679386.proof.json	CB9FEB403349A7DDB78B28DB2F5177BD94D8187B6F182F96EB0F99A7D4E8BA11	802
app/batch/nullifier_runtime/BL-S1-100-0046-11064228300742546507269366223690494518952081830167827958371205255223084679386.public.json	7F3801A681BB36290D04A13271FB99C5122B41688154B56B9722EFB649CC1516	165
app/batch/nullifier_runtime/BL-S1-100-0047-4412321071977157687408886680021516742637686844031590822593769406144762090815.input.json	DAE530FDECE4D9892CFA9ED5E1B480D2CD0A916D9B53D9A5CFEE9798593A2C4F	3538
app/batch/nullifier_runtime/BL-S1-100-0047-4412321071977157687408886680021516742637686844031590822593769406144762090815.proof.json	2752814792F5F9679192F2B21EB27AE2B053DF349A90EB792ABD2D3220AD7011	805
app/batch/nullifier_runtime/BL-S1-100-0047-4412321071977157687408886680021516742637686844031590822593769406144762090815.public.json	0DE540204595EB6089B1D3672ED179F06347EBAD7622A8F6BFC64199B5F40109	164
app/batch/nullifier_runtime/BL-S1-100-0048-5132757673105037514711212102799200484215643550912779975015868726655367658440.input.json	9F560959F0DEACFBCCC15359567D4A5A6D772FEDF330D847E3BA4B684F29B51A	3541
app/batch/nullifier_runtime/BL-S1-100-0048-5132757673105037514711212102799200484215643550912779975015868726655367658440.proof.json	B9FDFE6C4E6500AB4874126DC85DD7F078A47AF2A776A6A976C8E0807F2EF32E	808
app/batch/nullifier_runtime/BL-S1-100-0048-5132757673105037514711212102799200484215643550912779975015868726655367658440.public.json	AC6A2C2BBD221E99F99686BADF46B1952C4738EA9AA5E9D09C6312D8E2DE0D8C	165
app/batch/nullifier_runtime/BL-S1-100-0049-895414717194162606213156898757515538586610843907240355749222712850183701262.input.json	43419C69ED03B9752C43CED1EA69F33CE5EF40329725095157FD73F0A7CCE93A	3535
app/batch/nullifier_runtime/BL-S1-100-0049-895414717194162606213156898757515538586610843907240355749222712850183701262.proof.json	1035ECFD85F6032D8D3719296A8BFB57CAEA69C6959140546905494B804FC1B6	805
app/batch/nullifier_runtime/BL-S1-100-0049-895414717194162606213156898757515538586610843907240355749222712850183701262.public.json	8FB944D11218193049D917FA796AB42470BC195D20EAC1AE8EE3B9044B2B2B50	163
app/batch/nullifier_runtime/BL-S1-100-0050-6623267428360298392673942567616909522301622886328434994367389030928538472468.input.json	789EE3732B36F22E98CAE71DBA959AE467D52BB3CC6D5363495829B2B26A8C2B	3538
app/batch/nullifier_runtime/BL-S1-100-0050-6623267428360298392673942567616909522301622886328434994367389030928538472468.proof.json	D091D19FDEFA5D5C10766888145E3B87F82EACE5A642FDA1A9DFC7B6551A8886	806
app/batch/nullifier_runtime/BL-S1-100-0050-6623267428360298392673942567616909522301622886328434994367389030928538472468.public.json	BCF989244D3EFAEF6FF63E0AA790E2638B9F5CC24EE983220F5093B272CF8967	165
app/batch/nullifier_runtime/BL-S1-100-0051-16824900866776530319763209638679856287616055012960738078367365071652839592630.input.json	4FB194CB037302A1B03C00F7566ECEA418581590A5C18FA93C2D4C5334CCDA26	3541
app/batch/nullifier_runtime/BL-S1-100-0051-16824900866776530319763209638679856287616055012960738078367365071652839592630.proof.json	3048CF5340663512910D3FD51AEFCF2BEF1DC3465EA8F6FE3107DA4C818CFF9C	804
app/batch/nullifier_runtime/BL-S1-100-0051-16824900866776530319763209638679856287616055012960738078367365071652839592630.public.json	1C3FC528CC324E806438B85A01B25A1374811C56CA08D0AEE2D97C5CC2A8FDCA	166
app/batch/nullifier_runtime/BL-S1-100-0052-13614894837618800931344956918936183623627474115630517451263319674205087554050.input.json	ABF546E21BC3CCF037BA28C79510C989FDF76E622B6B992BFFC9D74A4A7426E4	3541
app/batch/nullifier_runtime/BL-S1-100-0052-13614894837618800931344956918936183623627474115630517451263319674205087554050.proof.json	E5E2F1F7942D4D0C97F7D60F193A71D287C882E6059CE4F52BC3E8F35B64CB96	807
app/batch/nullifier_runtime/BL-S1-100-0052-13614894837618800931344956918936183623627474115630517451263319674205087554050.public.json	BCB712AFFBFAB33C462256D362619FD93EB4320AE8DF5DA02D48AFD6ACDF4658	165
app/batch/nullifier_runtime/BL-S1-100-0053-372515185329769484415596491944606555644155411582696524753038318206893510582.input.json	E106AD45ED336DAFFCCD26F3B4E8A230A2A0AE5F988A18074A83C9DDC4A3616D	3460
app/batch/nullifier_runtime/BL-S1-100-0053-372515185329769484415596491944606555644155411582696524753038318206893510582.proof.json	9BADFEC3D013B6418992D4EA5E456A7C3329FCCDCFF9C4826F4DF97EC29C745E	808
app/batch/nullifier_runtime/BL-S1-100-0053-372515185329769484415596491944606555644155411582696524753038318206893510582.public.json	A276D4481C80354173B001503BEE19AC37E778D4F6545F81B70DF4A6E262A29B	164
app/batch/nullifier_runtime/BL-S1-100-0054-14160943179643518275048550746257502388299895364959966861618615815628158101081.input.json	F8F43CE90CE8D0CFF88C41F5B5435BE357197EE5076008F1D6ECD68508AEA2A8	3540
app/batch/nullifier_runtime/BL-S1-100-0054-14160943179643518275048550746257502388299895364959966861618615815628158101081.proof.json	8CCF016CD05C8B68183B7A0C0D91516D6BEECE3E638E26C5B5A9A713907AED9E	807
app/batch/nullifier_runtime/BL-S1-100-0054-14160943179643518275048550746257502388299895364959966861618615815628158101081.public.json	E40B7900C1B97EC41DD32EF5033F6ABA515CDBD38480FF9609DE53574569AEA5	165
app/batch/nullifier_runtime/BL-S1-100-0055-21144102097581341512794416762731418456923525208189908160239303944447724455728.input.json	483B989B1BDA344F02FA12972144ED661AB52CF648A956F6A2F527156C941E46	3539
app/batch/nullifier_runtime/BL-S1-100-0055-21144102097581341512794416762731418456923525208189908160239303944447724455728.proof.json	7F416A8CD4C898F992B57B14217749CE7307A03C5395495E83D8948CA96A65B5	805
app/batch/nullifier_runtime/BL-S1-100-0055-21144102097581341512794416762731418456923525208189908160239303944447724455728.public.json	BB87F0557AB0766D99C8C56FA0F0C6415656E62616F1F5F933B858866AA5A790	165
app/batch/nullifier_runtime/BL-S1-100-0056-4460064667258859662397346186198958818173378744344909719623869931729742468898.input.json	2023B7F68B116FDBAE4A67C78AF0D6D053467C34C25A70E63254C2B912610C04	3535
app/batch/nullifier_runtime/BL-S1-100-0056-4460064667258859662397346186198958818173378744344909719623869931729742468898.proof.json	E049FF51393413598BF2BB6215C51CC47BC3FA6441A46CA3E361E3B0F6186DAB	800
app/batch/nullifier_runtime/BL-S1-100-0056-4460064667258859662397346186198958818173378744344909719623869931729742468898.public.json	D4DBFFA064140DC16C43415A8BD8FA450C2A634FE625B828305EB0B3FF01BCD9	164
app/batch/nullifier_runtime/BL-S1-100-0057-18286032376131909128051739188491542095113089832160468326766223304685058156874.input.json	21FF9FBB133E8586BEDC1B450EB37F50F8C45EF71AEC960FEC819211CEFDAF3D	3542
app/batch/nullifier_runtime/BL-S1-100-0057-18286032376131909128051739188491542095113089832160468326766223304685058156874.proof.json	641975AA4E3244B456C329A8148B0D98247E1468CFF19F542BE53639186D9D40	804
app/batch/nullifier_runtime/BL-S1-100-0057-18286032376131909128051739188491542095113089832160468326766223304685058156874.public.json	AD7B324ED2227B5E23217821FF1A5BB175BD8F2630D3B41421477CE8D72D795D	166
app/batch/nullifier_runtime/BL-S1-100-0058-2113912577144584622525177652783546983863999602845798884823087884369692122326.input.json	80E0E210C5F1871DF41E4B8C10CF4CA134B25684C20F36B338CC25406214C47B	3538
app/batch/nullifier_runtime/BL-S1-100-0058-2113912577144584622525177652783546983863999602845798884823087884369692122326.proof.json	5275CAC40FAF2451D16C16A59B3929DC93137C8A1F1ACA3DF02DCF84A23109AB	807
app/batch/nullifier_runtime/BL-S1-100-0058-2113912577144584622525177652783546983863999602845798884823087884369692122326.public.json	5C4CAF2B33BBFB1954041BF15D59C7205778E1B7E129A87C5A4F66B1B04904A9	165
app/batch/nullifier_runtime/BL-S1-100-0059-15129959333304742524632360583259367151533872653249629533431628906232707014822.input.json	051566473D344B971D19FBCF6465068EE517FEBFFE3E2D50186AD4E3E6E36366	3540
app/batch/nullifier_runtime/BL-S1-100-0059-15129959333304742524632360583259367151533872653249629533431628906232707014822.proof.json	8DE33D1797F955C3580480ECAEFB67D2FC8F634919A25921830D3AC694383762	805
app/batch/nullifier_runtime/BL-S1-100-0059-15129959333304742524632360583259367151533872653249629533431628906232707014822.public.json	2F7071A079689F6360AD9BFC480359D1FD19F31908A708262A3C84D66BBA0C97	165
app/batch/nullifier_runtime/BL-S1-100-0060-4557300675820140509971919877462403004432618530042222317412207121832353232132.input.json	A65381E8ADD654B2FF4390CFA16CAF6990471A4DCF3B7DC804E46B2D99C0845D	3537
app/batch/nullifier_runtime/BL-S1-100-0060-4557300675820140509971919877462403004432618530042222317412207121832353232132.proof.json	8CA4893D7A92EE1D7E2C36AFB31FCD10E94B90B5F6BEFF9485DD5654994B427E	806
app/batch/nullifier_runtime/BL-S1-100-0060-4557300675820140509971919877462403004432618530042222317412207121832353232132.public.json	79FBAD87B5A20CDEB1EFF9B667282EAD8B6F92AC344406882C06F713EDA98F23	164
app/batch/nullifier_runtime/BL-S1-100-0061-5227911033442498934960805889795968802865691028391756830268712961533174406137.input.json	7A70226343736F402E25AAC7EF9D5345596896A89FE37495238249CB24AF07AC	3539
app/batch/nullifier_runtime/BL-S1-100-0061-5227911033442498934960805889795968802865691028391756830268712961533174406137.proof.json	3574E8635B9F34FDB5AED00CB24E0BF217E9D75B3E4C28F8BB36DDAF72CEB8A6	804
app/batch/nullifier_runtime/BL-S1-100-0061-5227911033442498934960805889795968802865691028391756830268712961533174406137.public.json	8F90A952092578E40EA76B699E8E445BC034425BE4566A6CC2300CF60642818B	165
app/batch/nullifier_runtime/BL-S1-100-0062-6811175436154987547847011250450580846398259817892058909752311040968830577991.input.json	EA7E2E23A34AFFD17C0819573EF3DB49FE46261DC3551B27064292A9B472EBDD	3538
app/batch/nullifier_runtime/BL-S1-100-0062-6811175436154987547847011250450580846398259817892058909752311040968830577991.proof.json	0324C2690F6560A48E2EA14B989AAA1B865C734864C0FD86D4CD9CA3C09F7F33	807
app/batch/nullifier_runtime/BL-S1-100-0062-6811175436154987547847011250450580846398259817892058909752311040968830577991.public.json	3A2DBA1B9262DCE65E16E7D97D28D98B186878523A637BFF26B879C5BA2549D7	165
app/batch/nullifier_runtime/BL-S1-100-0063-4396626254662454772949052885091910800357491357476556867841199179721050615408.input.json	101861380B1287041AD45956F91CD445B8A59FA688B55B13BC149D83B9C01335	3537
app/batch/nullifier_runtime/BL-S1-100-0063-4396626254662454772949052885091910800357491357476556867841199179721050615408.proof.json	00CF6B4D274BF65AD63A3495423113BE52E8D92948D0591B46C580D24407FB2E	806
app/batch/nullifier_runtime/BL-S1-100-0063-4396626254662454772949052885091910800357491357476556867841199179721050615408.public.json	AEC71293BF06C2EE2DA025F7266161032DCF22CB8645D4652BB60B18E830221B	165
app/batch/nullifier_runtime/BL-S1-100-0064-4240690801148787479986458018390547748988498379395433419135603351481350470485.input.json	5615CF40A953903AA62776540AEF590160C3C33EC5E1C730A3704A7FDB651AB7	3536
app/batch/nullifier_runtime/BL-S1-100-0064-4240690801148787479986458018390547748988498379395433419135603351481350470485.proof.json	9E53943601A0C4F32F23D756EFC8D815EAEBDAFD7B88E321E283F5548BCA4781	809
app/batch/nullifier_runtime/BL-S1-100-0064-4240690801148787479986458018390547748988498379395433419135603351481350470485.public.json	2C09DC10A235D6054F60BCCD766C82B210690EA3F0D35A90E0AD84E8868DDE85	164
app/batch/nullifier_runtime/BL-S1-100-0065-425546130817083113542814422692123976132742007861203129787866505913780325839.input.json	BB68AB41767B02D203180AE2D306B17C3832B9BF114E10FAB978C3E774067A4C	3535
app/batch/nullifier_runtime/BL-S1-100-0065-425546130817083113542814422692123976132742007861203129787866505913780325839.proof.json	2D0D746A6F592AE5F59EEC35D6790582701C283B620E2F738E68A86149561018	803
app/batch/nullifier_runtime/BL-S1-100-0065-425546130817083113542814422692123976132742007861203129787866505913780325839.public.json	54CC258A9B055D8855FC239AEEBC544A6AE70072030594CFC5D2B01BFB88A7C4	164
app/batch/nullifier_runtime/BL-S1-100-0066-5918679156945953457383302804464175127099398642598026258950465825647450033595.input.json	1BB513EB5AEEF8F87119C34F0EE6AB5B1E700B5C5C56C568459A6A9F9A7DF876	3535
app/batch/nullifier_runtime/BL-S1-100-0066-5918679156945953457383302804464175127099398642598026258950465825647450033595.proof.json	0200CCF23F90F9288FCB5FBF4E0E76B3A20EFE0998210E9BA5B876F09A17FD48	804
app/batch/nullifier_runtime/BL-S1-100-0066-5918679156945953457383302804464175127099398642598026258950465825647450033595.public.json	816E44F570338AFAB50C358EEF681A68ED0375EAD9E3BCEBA7CEF90D74756CAA	164
app/batch/nullifier_runtime/BL-S1-100-0067-19436989855188475623708160547664546510031819962217435744948110802722770526002.input.json	2811ACB5743B06D82A44B064CB92A19F5BCC874F70C60D606DD11239A28D1444	3542
app/batch/nullifier_runtime/BL-S1-100-0067-19436989855188475623708160547664546510031819962217435744948110802722770526002.proof.json	0BF89B9F3877029BD6D53E2B4D39A7269655272A14E7F2D32FB367F5C910415D	803
app/batch/nullifier_runtime/BL-S1-100-0067-19436989855188475623708160547664546510031819962217435744948110802722770526002.public.json	21DD69C6F8E8BDDFB6078FA744081EF5FBF3DBF20E0F4A39470013949E817B69	166
app/batch/nullifier_runtime/BL-S1-100-0068-4495762035369126570090463266958471475527402656497555161028467361821010520338.input.json	928266E31B89E363C4F4A319DF9E5B64BDB621883FA791DF9C9FBF84A631D18F	3539
app/batch/nullifier_runtime/BL-S1-100-0068-4495762035369126570090463266958471475527402656497555161028467361821010520338.proof.json	7E9EC32FF4D60023B1638DDBD80C339F6EBB67F7E0A4C563CE05D83294C38ABD	807
app/batch/nullifier_runtime/BL-S1-100-0068-4495762035369126570090463266958471475527402656497555161028467361821010520338.public.json	D692CB105446587B9AF123B6CFC11490F3BC6F620D1C069A5B2572B72094AE4C	165
app/batch/nullifier_runtime/BL-S1-100-0069-3329939180582764349154932641819210557524320198074157407342998152623626439196.input.json	673CAA0DF106A09003B8E181107990453552B5441C9C226E8E7F97290E064159	3537
app/batch/nullifier_runtime/BL-S1-100-0069-3329939180582764349154932641819210557524320198074157407342998152623626439196.proof.json	894EB401C89A73B31D607DDDFF8B8E6237945923ABA0EB701B835EBACECCEDDC	803
app/batch/nullifier_runtime/BL-S1-100-0069-3329939180582764349154932641819210557524320198074157407342998152623626439196.public.json	44D884894F986DFB93E38427FABF8D89AC48A27779D50CE0196DEE0D33FC0B2E	164
app/batch/nullifier_runtime/BL-S1-100-0070-4950132212442299149323577973303962154830929633653974374692984290779657020411.input.json	9076E0AA76B618B365395E83B7FEE936F3DDE213C8FDDAD894C5E23B15462C8F	3535
app/batch/nullifier_runtime/BL-S1-100-0070-4950132212442299149323577973303962154830929633653974374692984290779657020411.proof.json	762417949CEE67F050DF733C77BE7848CAF021A27E8A161F68FE32FCD0BA2CF5	801
app/batch/nullifier_runtime/BL-S1-100-0070-4950132212442299149323577973303962154830929633653974374692984290779657020411.public.json	6A13E20A318627AC1511CCE2BA1F6C6F783F88ADB44CC1FFECABE1FCCE621F58	164
app/batch/nullifier_runtime/BL-S1-100-0071-20858882087666548584344727653540411922855111806874279602284106288589449215757.input.json	B87FCD031F3AEE422B4A27E88CDBA9A3181EE99C1EB45A833E599E7B2042DF95	3540
app/batch/nullifier_runtime/BL-S1-100-0071-20858882087666548584344727653540411922855111806874279602284106288589449215757.proof.json	49A76E400054FE8B56FCA33E065E7D6FF9F017652B12397F81D517FBC51706A5	808
app/batch/nullifier_runtime/BL-S1-100-0071-20858882087666548584344727653540411922855111806874279602284106288589449215757.public.json	ADC7E9FA50AE2C2652D13588D4128DF232AD7D0F9EEFF4EE3855731524EFB7D1	164
app/batch/nullifier_runtime/BL-S1-100-0072-4641575365536145292244080279986599359199664859108283765637656608840311723900.input.json	8ACBBA5A3E92724CF49F073944DEBC674BFCC91F8BD624B0DEC51B0C4C3F7563	3539
app/batch/nullifier_runtime/BL-S1-100-0072-4641575365536145292244080279986599359199664859108283765637656608840311723900.proof.json	1CFD8B202DA7D100905DD77312522BEBC75EBF3D1AB945D3F8890592DDD0F6B9	802
app/batch/nullifier_runtime/BL-S1-100-0072-4641575365536145292244080279986599359199664859108283765637656608840311723900.public.json	7101A705DAA23F3CC8035D0D128E38A80FFF6BB233EF0C7AAF0834214B38BEE4	165
app/batch/nullifier_runtime/BL-S1-100-0073-11343216568760696365312338814527057639868458557472124549999453936591246620243.input.json	B2AC5541D551A63800CD8D6EE9F28284B26D729C092DA31D8C5D329EAF2EC154	3541
app/batch/nullifier_runtime/BL-S1-100-0073-11343216568760696365312338814527057639868458557472124549999453936591246620243.proof.json	373833F1BFC5C416AF102720F06E0365E9BDEFAC587F5D0BD517889BDE3EDE78	804
app/batch/nullifier_runtime/BL-S1-100-0073-11343216568760696365312338814527057639868458557472124549999453936591246620243.public.json	0F726AE92A6EF34972D2EBA8F3373CDA708C07B5EB6FC739A01272D4C5D14F59	166
app/batch/nullifier_runtime/BL-S1-100-0074-17574681949017793535612917256811011852966771755872209943521424102660625962595.input.json	20EFC3B0391AA7C9961400703AA20289E3EBA2C60562F2442F92F6D2F50DFD17	3545
app/batch/nullifier_runtime/BL-S1-100-0074-17574681949017793535612917256811011852966771755872209943521424102660625962595.proof.json	F8F94D6651B8EFE9C111E290DE84EBCC6AB6CFB9349E066AE9FD7C3DFF896F22	803
app/batch/nullifier_runtime/BL-S1-100-0074-17574681949017793535612917256811011852966771755872209943521424102660625962595.public.json	26A6C51FA42E75397E9960CB3847737F286430E48F708AAAEBAA7299BC2118DD	166
app/batch/nullifier_runtime/BL-S1-100-0075-16859386302851719267662523385519257433770376656324745710935915881382949517216.input.json	1B10DBC3B1E918B18CCFEEBDC21AD8AA49470C3796E2C9D02D1DCB6C80DC4F3A	3539
app/batch/nullifier_runtime/BL-S1-100-0075-16859386302851719267662523385519257433770376656324745710935915881382949517216.proof.json	E1015023160E7371049133A3D45182CED0D637A40A4A51BDEA5A91C8B3C24885	805
app/batch/nullifier_runtime/BL-S1-100-0075-16859386302851719267662523385519257433770376656324745710935915881382949517216.public.json	EC19DF00316CF19507CE874FEEC72672BB4FB14EEE156EB1B535AD2F324F600B	166
app/batch/nullifier_runtime/BL-S1-100-0076-6274740248010932142018369098149365045887905145602219320585786622543741863572.input.json	C64C7F1D9B8A56BEAB65582115E60E24677A6768660CD96A3576EEF813813CFD	3539
app/batch/nullifier_runtime/BL-S1-100-0076-6274740248010932142018369098149365045887905145602219320585786622543741863572.proof.json	D5B5E9C75E33DD96930B4A164F4F36E5236F57FD362E41578CFCAA5C22A66DD8	800
app/batch/nullifier_runtime/BL-S1-100-0076-6274740248010932142018369098149365045887905145602219320585786622543741863572.public.json	F929BBC3F5CFA8381E6A8F637B77269CE74A81C44F2E0445401375B2402F28D6	165
app/batch/nullifier_runtime/BL-S1-100-0077-13638185594169018525271106948600446680494193559406239984116758987587456082838.input.json	719DF32A6C4AEC14B0D576880A5B08802DA0ED443C9C10B3CCEFAF9CB3AEDC10	3542
app/batch/nullifier_runtime/BL-S1-100-0077-13638185594169018525271106948600446680494193559406239984116758987587456082838.proof.json	8A3E4E3FF7F8CB5E8E87C0B296C9894FB91499BA5D2313510FB52B14D4353FAF	807
app/batch/nullifier_runtime/BL-S1-100-0077-13638185594169018525271106948600446680494193559406239984116758987587456082838.public.json	CB24BD71262F03328A4C69A579AF8097553216EA5FDCA96B5422BDE8E3FBFE85	166
app/batch/nullifier_runtime/BL-S1-100-0078-20822957997800806737406168220133192302327467407461589101694741100409195824398.input.json	D038972A28C113676C1399CF366FD5F386AD116EAB4CC5136F93D9A0A48E4BEC	3540
app/batch/nullifier_runtime/BL-S1-100-0078-20822957997800806737406168220133192302327467407461589101694741100409195824398.proof.json	75667B5C57A7EC8658151597F6CAA2FA26ADBDA7384968C98431F95F367F2D7A	803
app/batch/nullifier_runtime/BL-S1-100-0078-20822957997800806737406168220133192302327467407461589101694741100409195824398.public.json	7FBE54E11AE3CFD48E9C3D75822534B5604DF7DBF0B6F746610170588B6ADB6A	165
app/batch/nullifier_runtime/BL-S1-100-0079-5131828835001903327041361088497108740290998974470712668383949285881280879132.input.json	617F00E6342E7B90A53D4774DD726F494D0132702972EB950633E2D4083634C3	3540
app/batch/nullifier_runtime/BL-S1-100-0079-5131828835001903327041361088497108740290998974470712668383949285881280879132.proof.json	6462482FE3FBC19500BBB46F5F4A47F1724D73A052AA77FF0530B254F8CDB4F9	805
app/batch/nullifier_runtime/BL-S1-100-0079-5131828835001903327041361088497108740290998974470712668383949285881280879132.public.json	7EB83335DE98EFB3407C4AD5D5B475F06F2936C2C82F40635BC1E93F147F33DA	164
app/batch/nullifier_runtime/BL-S1-100-0080-19901700529500997619624620233440331827721296516113112926419502934986130037763.input.json	21D5A33B4F5C5315536FDFE58C39B09288DCA6837ED0FCCC6D12CBBF8769434B	3542
app/batch/nullifier_runtime/BL-S1-100-0080-19901700529500997619624620233440331827721296516113112926419502934986130037763.proof.json	48D4C5391696533DAB4E82063576F93AEC8453B06AD429E4004226914EE0666D	805
app/batch/nullifier_runtime/BL-S1-100-0080-19901700529500997619624620233440331827721296516113112926419502934986130037763.public.json	6BF0252C799CD3616C269B2DFBF2DD698F077B1F73A5C8EB1BFB7DEC0A3A3C4E	165
app/batch/nullifier_runtime/BL-S1-100-0081-15544036646784578439539919265798270963951790228659847201019598929774419334355.input.json	0847F4B5103B7D2F52EA03F7CD50B8D93914F92468E3F8CE04082F58EBF2681F	3543
app/batch/nullifier_runtime/BL-S1-100-0081-15544036646784578439539919265798270963951790228659847201019598929774419334355.proof.json	72E502C6E5F2B91E8648B1CFA86F38A0C2B1EF00FCAA071115B6B9069D882545	805
app/batch/nullifier_runtime/BL-S1-100-0081-15544036646784578439539919265798270963951790228659847201019598929774419334355.public.json	BDF530B0164DB1A7F9E51D7E3FE1043BCF3030248D11E0BB28CB5A074F9C0C7E	166
app/batch/nullifier_runtime/BL-S1-100-0082-13804437854357949639042717784414126771139216242394885559931262507055944124773.input.json	34402749CC527836461F028645B74A4319D308466798708CEB1EC82116113B61	3545
app/batch/nullifier_runtime/BL-S1-100-0082-13804437854357949639042717784414126771139216242394885559931262507055944124773.proof.json	B02F6D76E3AEDE019E05DCE5A388CA55B6B3135BEC6D96204CAC2D4950F80E7F	804
app/batch/nullifier_runtime/BL-S1-100-0082-13804437854357949639042717784414126771139216242394885559931262507055944124773.public.json	1EC7B1B2A38607C229E625A396742E3F5DEFCB130A91DC0DB1672911DE722374	165
app/batch/nullifier_runtime/BL-S1-100-0083-13354620845295762883097147598318231751793131344992324322065788585374614068928.input.json	7228CAC36A8076CAE501DF45D6CF840AFCBCDC40F31A0EBD8BF8A8D79D94F68B	3541
app/batch/nullifier_runtime/BL-S1-100-0083-13354620845295762883097147598318231751793131344992324322065788585374614068928.proof.json	9C4F2AEE831E54C8368069739E8E8462AFBB55C13F1C9F47FE61322981AF3246	806
app/batch/nullifier_runtime/BL-S1-100-0083-13354620845295762883097147598318231751793131344992324322065788585374614068928.public.json	0D7A5257A957C50008FFF2B4C37627572829758DA50F3B0C923B808783B8E562	166
app/batch/nullifier_runtime/BL-S1-100-0084-21775025513590320911310790442094479366882797301432548059054090567886295985408.input.json	E020050A686FA1E3222849B8F4B376E2AB4B90D5EB69CE7B63ED875C3F187591	3541
app/batch/nullifier_runtime/BL-S1-100-0084-21775025513590320911310790442094479366882797301432548059054090567886295985408.proof.json	462D04B441A75317886A8AC3DB75CD5C1F8C6D68B0A92D6E8918FAFC1C3E71EA	806
app/batch/nullifier_runtime/BL-S1-100-0084-21775025513590320911310790442094479366882797301432548059054090567886295985408.public.json	5364986C0B855CEA785CAA992820C1B4144DCA93A6CCDDEE4CF71F0BFE6197C2	166
app/batch/nullifier_runtime/BL-S1-100-0085-12759831423865858390894862979529207824719764969620664121355828366207730470227.input.json	8F5954E391C79471DEEE1F06AD6A7BB7D36615A49BB95E6B97A1C6A66D542657	3541
app/batch/nullifier_runtime/BL-S1-100-0085-12759831423865858390894862979529207824719764969620664121355828366207730470227.proof.json	4B6DE3F987C1259C8EB2BCC3C4E6494649A2B64782A2DCB27B78F87BC469FDC0	804
app/batch/nullifier_runtime/BL-S1-100-0085-12759831423865858390894862979529207824719764969620664121355828366207730470227.public.json	887514DB0C0249F23806F53FFA83BF8979AD76BE05E1B3C928788D012E8FC809	165
app/batch/nullifier_runtime/BL-S1-100-0086-17044857784630309330317102470531859817416031933032214478910565781781498531746.input.json	7042C773796EDC2BFA3A6875FF909F21E50BDD969B189D77867E3794F0A27AD5	3545
app/batch/nullifier_runtime/BL-S1-100-0086-17044857784630309330317102470531859817416031933032214478910565781781498531746.proof.json	BD560F2B93A2A5C4DA989C27F9279D08DF73A47F5830930234587C9FE22F84ED	804
app/batch/nullifier_runtime/BL-S1-100-0086-17044857784630309330317102470531859817416031933032214478910565781781498531746.public.json	6AE4B20F76F8D7B89010874FFDFD54351FA5159FB921BD1F71F2802A8448FB82	166
app/batch/nullifier_runtime/BL-S1-100-0087-6929217234985857753467831267496066042525392923313642231362985572262360690636.input.json	10910AF0208D3B14DC7F0F7D22A94372D1E7415FBDD7AB26D9DAAC7311A091E0	3538
app/batch/nullifier_runtime/BL-S1-100-0087-6929217234985857753467831267496066042525392923313642231362985572262360690636.proof.json	2E7601D9AB501EA02B68139F5BFC19311F8CB3F74D5C675D9103C8C3E4A91337	798
app/batch/nullifier_runtime/BL-S1-100-0087-6929217234985857753467831267496066042525392923313642231362985572262360690636.public.json	0A4E17096F9DD94D4D97DA9AE4AE75DB6A34D76F7F001F19FDEC4990CB5F2609	165
app/batch/nullifier_runtime/BL-S1-100-0088-3902484488767902551392559124437354308854172008027200232550864431046741599319.input.json	0F9356B2C86BB7270284F5C4C47B865E9D013505838B833449CE243488B3E477	3537
app/batch/nullifier_runtime/BL-S1-100-0088-3902484488767902551392559124437354308854172008027200232550864431046741599319.proof.json	FB9E90C215BE2B88DB28A3560D1F9D37C8E269744BB2FF007C9BA007C6FA237C	807
app/batch/nullifier_runtime/BL-S1-100-0088-3902484488767902551392559124437354308854172008027200232550864431046741599319.public.json	1E65AE98A744428DEAF82D914DA9035FD6F3EB0CFDFD71159DBC08D3A871C6CC	164
app/batch/nullifier_runtime/BL-S1-100-0089-21772129616139023792500639107734625227319448050110842336971667620616258880104.input.json	B879C7C13300B7528437820E7CB237A0056C1E0BF140CF7A2BCF98C87DE00D7D	3544
app/batch/nullifier_runtime/BL-S1-100-0089-21772129616139023792500639107734625227319448050110842336971667620616258880104.proof.json	7E184E55A1EBD7DE465DE88BD899602A7D82D37D6AE1FC07F746597DC9DE2124	804
app/batch/nullifier_runtime/BL-S1-100-0089-21772129616139023792500639107734625227319448050110842336971667620616258880104.public.json	3E350D94BCD88C71AFECC921958A80B2B67ECD712E79BC29CEB2096CB9772CC7	166
app/batch/nullifier_runtime/BL-S1-100-0090-8254680004638693989257829319587394369360359387362243662530553484089938097528.input.json	E43F0920FB8BD002E95F4046BA844B1EF7128FFB1605A36BB27BF24D99F967C3	3540
app/batch/nullifier_runtime/BL-S1-100-0090-8254680004638693989257829319587394369360359387362243662530553484089938097528.proof.json	99A27255312FC088395153B843E0C30E6DCCF9F5D89A45331481C70E9B298B1A	807
app/batch/nullifier_runtime/BL-S1-100-0090-8254680004638693989257829319587394369360359387362243662530553484089938097528.public.json	7CC737E4F95B9502CA4FF4305D89ED9F4375913946C23C9D79167D257C03F964	165
app/batch/nullifier_runtime/BL-S1-100-0091-15676794988727376182738889108960083366808656199941222059634334793062792959887.input.json	1150F17982F897BE66B5710FEF62EA335BCFEE4AE0AB4328A86309467A2C706D	3541
app/batch/nullifier_runtime/BL-S1-100-0091-15676794988727376182738889108960083366808656199941222059634334793062792959887.proof.json	3197BE319A1F5606F4B797489E1D1176F20121218607B29EC6CD7EFDBA7FFDA7	808
app/batch/nullifier_runtime/BL-S1-100-0091-15676794988727376182738889108960083366808656199941222059634334793062792959887.public.json	15744EDBE47F637717060B32FBE50FB2E63936750ECBB3052D36B925AF84EB4B	165
app/batch/nullifier_runtime/BL-S1-100-0092-3667210076821774178682312753564480549723514252420384419657242702388549546994.input.json	0B18B2F6304015B7F004C60B5E3F8C4B74327E93552A5FC7D4E081A8A068B462	3538
app/batch/nullifier_runtime/BL-S1-100-0092-3667210076821774178682312753564480549723514252420384419657242702388549546994.proof.json	3A74129FAF52CDDFC01C2610F499A8ACA1A90BDE9ADFA746BE10C33505C6BCA6	807
app/batch/nullifier_runtime/BL-S1-100-0092-3667210076821774178682312753564480549723514252420384419657242702388549546994.public.json	6C4E6C1A86D20C3C8B511E5FFDC793FD5473301B8645B4328B8893523E56A0C8	165
app/batch/nullifier_runtime/BL-S1-100-0093-12938371990960402734636379240229050679730242310751128312532772235603960671736.input.json	F89665E8B4BB76F6944A7F4D3184800E3C06ACC8803263B656D995FE5D8E1FE6	3540
app/batch/nullifier_runtime/BL-S1-100-0093-12938371990960402734636379240229050679730242310751128312532772235603960671736.proof.json	CB8053C6C8739DD408069240E568CB04EEC48733B8A89A0262FFF85E976E9C55	808
app/batch/nullifier_runtime/BL-S1-100-0093-12938371990960402734636379240229050679730242310751128312532772235603960671736.public.json	75A7A9172CC994D37ADAB5368B6A89B238F85811E7EA20A26CF9D794E2C45976	166
app/batch/nullifier_runtime/BL-S1-100-0094-17301840388675165415827662097578344450531898505954782074992369452392437519276.input.json	77B14DFF26BDFFD900BB83C962D065963CE9F79CB879591EA216734C280276E1	3544
app/batch/nullifier_runtime/BL-S1-100-0094-17301840388675165415827662097578344450531898505954782074992369452392437519276.proof.json	B6BB3401D51B8F6A00C6E664C744B9E326F66CE88C43CD6464E01195632993C9	807
app/batch/nullifier_runtime/BL-S1-100-0094-17301840388675165415827662097578344450531898505954782074992369452392437519276.public.json	E22825FB8A0A90497B6EB34A7CE6B897AAFB3FA6AAD674EEF16F497A5B117316	165
app/batch/nullifier_runtime/BL-S1-100-0095-2100644942761213236549841229416931876011306467968709655186563342505069596031.input.json	209D04A8A96800C1C5B2F98459096BF9667331AD3D49A8C75E5774D565C305AE	3539
app/batch/nullifier_runtime/BL-S1-100-0095-2100644942761213236549841229416931876011306467968709655186563342505069596031.proof.json	B6DC18D5096493C7D3A3296C3257CC2CC0C31235A98A330AAE1263FBBDE0A8D9	803
app/batch/nullifier_runtime/BL-S1-100-0095-2100644942761213236549841229416931876011306467968709655186563342505069596031.public.json	DC63B583A291561D98C217C628497B09CEE96CE1818D15D91D1A3A2E9EEEEF56	165
app/batch/nullifier_runtime/BL-S1-100-0096-17219669224876244935248725814779867120318188033205938007910457779497364378602.input.json	C2550553EFF1E131656B41FEBF31E1BD13451A04AB276641FF84A7948FEDDA16	3543
app/batch/nullifier_runtime/BL-S1-100-0096-17219669224876244935248725814779867120318188033205938007910457779497364378602.proof.json	2474D1218DBB67684779E32CF827A2A90472102289559CC0625F2D297F75A574	807
app/batch/nullifier_runtime/BL-S1-100-0096-17219669224876244935248725814779867120318188033205938007910457779497364378602.public.json	F3E470E4F83232C8018E94CA24A9B78A0127EB2246C2176CF026B45AE72AA46C	166
app/batch/nullifier_runtime/BL-S1-100-0097-3702624800280137070074028279626174715194230088228966702000861954002582749616.input.json	D02651EEAF2411EB74C6953C02C212769E30BE5DC1E3725114A26853C1968D11	3540
app/batch/nullifier_runtime/BL-S1-100-0097-3702624800280137070074028279626174715194230088228966702000861954002582749616.proof.json	9C77F815A13ACA70A19EF0BD75B8421589D0547D4D818596F896CEA25FDE7A57	805
app/batch/nullifier_runtime/BL-S1-100-0097-3702624800280137070074028279626174715194230088228966702000861954002582749616.public.json	56E115D4020F7567FC0CA5D09B3621B185DF857C6F9A9D127EF93392A5BC3DB2	165
app/batch/nullifier_runtime/BL-S1-100-0098-21660310443099554771840176657287544054271666438141282531866810263314320984389.input.json	D2FD6FE6AE307F18FD8EB7EA93FD87E7157BEF50C2FBA181027343CFC7C427C7	3540
app/batch/nullifier_runtime/BL-S1-100-0098-21660310443099554771840176657287544054271666438141282531866810263314320984389.proof.json	D74CA047D5C1A23A32F12FC853A96E05EA88526D18DC7D85366F42EF3BF6A776	806
app/batch/nullifier_runtime/BL-S1-100-0098-21660310443099554771840176657287544054271666438141282531866810263314320984389.public.json	18F3498924430AAEB13976201B921138D2611B8351FEFB8DB670B1D404A77AFD	165
app/batch/nullifier_runtime/BL-S1-100-0099-14061819372814947530161114804993984391266963183981705845602633507280520821952.input.json	D74837FE153E8E83EB5490D804055BCB254A76602A05D09DB36BD5A1DA701DEA	3542
app/batch/nullifier_runtime/BL-S1-100-0099-14061819372814947530161114804993984391266963183981705845602633507280520821952.proof.json	14D423927148883DC9FA9C4C1EB5D4CDE0159DEBFEC2C656D694426A6769B30B	807
app/batch/nullifier_runtime/BL-S1-100-0099-14061819372814947530161114804993984391266963183981705845602633507280520821952.public.json	561B8D8E62CFE8BE181E36CB8227CF2B5C5C1FAC4235A094A377797E2FCFB71D	166
app/batch/nullifier_runtime/BL-S3-APP-0-18625649332292580039911579312575660149051585421658496762390001851213092960322.input.json	00E481291AEC38A086446B647BC1570CC5CA310CB4F1BFD15B85B1A7AAA48032	3464
app/batch/nullifier_runtime/BL-S3-APP-0-18625649332292580039911579312575660149051585421658496762390001851213092960322.proof.json	EEE6291BFCFD848D3611865ACE8082E82DD303517B9F3BD0D34AE33F28FCC0ED	805
app/batch/nullifier_runtime/BL-S3-APP-0-18625649332292580039911579312575660149051585421658496762390001851213092960322.public.json	8DF022BB401B13E57D5EE89DC1EE83FBAE04EE44E126CBBBDD1D0DAE644CB320	165
app/batch/nullifier_runtime/BL-S3-APP-1-1571236897592993155864913094298535314326825543403511813425260870889284207687.input.json	5357B99FDA3C0F3B989F658B4504E552DFCEF6BA043F82CAEC5B506E1FA01FE6	3464
app/batch/nullifier_runtime/BL-S3-APP-1-1571236897592993155864913094298535314326825543403511813425260870889284207687.proof.json	D994DE83BB13D03C9C920C4AEFE74628D9FBF4F6C9C8E562BBF45F5E55B0193D	808
app/batch/nullifier_runtime/BL-S3-APP-1-1571236897592993155864913094298535314326825543403511813425260870889284207687.public.json	4543DDEA2859FD03C48F16C0BF5F74886A6C8AB85A7E499D7E3B7BDD8F1C7190	165
app/batch/nullifier_runtime/BL-S3-APP-2-16282104724611657709623373540184726729822852201985414681353820452553541435995.input.json	A6C1B36CD5BF1CAE5649BA3D2A8C69F53C3DE3C3EB5AA8FCCE5891AFFFFDE4B5	3540
app/batch/nullifier_runtime/BL-S3-APP-2-16282104724611657709623373540184726729822852201985414681353820452553541435995.proof.json	D0B154BAF4D50CA515806F8A75048C994E3B22647841D30CF8CF259A5AE84F72	804
app/batch/nullifier_runtime/BL-S3-APP-2-16282104724611657709623373540184726729822852201985414681353820452553541435995.public.json	FEC9822B2CA0B6DB6CA662A9243AF410D7E8E7EFF98034CB16C084903143F6D5	166
app/batch/nullifier_runtime/BL-S3-M-APP-3711590354715719821953190266541345661141210725822348196128375475431275701832.input.json	47B7A897B4C8F4F219D5F4B10BC0D6333BF47A929882BC66A0ECC87F8FFF57D5	3463
app/batch/nullifier_runtime/BL-S3-M-APP-3711590354715719821953190266541345661141210725822348196128375475431275701832.proof.json	FB72C999D09C62391C5ADEA8A22864A7A4BD095DF83349381827E149879C70BD	803
app/batch/nullifier_runtime/BL-S3-M-APP-3711590354715719821953190266541345661141210725822348196128375475431275701832.public.json	43AC6E1856D964AF9495A768AC27711860988248C83F1EB886F42E41792396A9	164
app/batch/nullifier_runtime/BL-S3-M-DUP-4490017652024106190796667019512258392510996722816333127737573740671112219149.input.json	ED0245BCCD9379C7AE95ACD4F63B0448500E9BFC2E018DCD7495D9111C3FA91C	3462
app/batch/nullifier_runtime/BL-S3-M-DUP-4490017652024106190796667019512258392510996722816333127737573740671112219149.proof.json	9C4FB0EE299FCA018E9344E8785832A6C23EA476A3A4B4BCECC03D85531732B6	804
app/batch/nullifier_runtime/BL-S3-M-DUP-4490017652024106190796667019512258392510996722816333127737573740671112219149.public.json	2892CB0C7318A9FF7E3F5C66E55808415ADD919895DA8A6FA3965EAC41AE6A55	163
app/batch/nullifier_runtime/BL-S3-SINGLE-6844352908723650585322042452047096557408879118423041716716128675101333024514.input.json	28D2013BB699672E3FAE9B00CC1202C8EFCAFDB71CC81E5EF62EAD64330B7423	3463
app/batch/nullifier_runtime/BL-S3-SINGLE-6844352908723650585322042452047096557408879118423041716716128675101333024514.proof.json	B49EDF57004DD23FC168A3D7BD5E23B4789710265405520EFA8D05E79DD2D709	806
app/batch/nullifier_runtime/BL-S3-SINGLE-6844352908723650585322042452047096557408879118423041716716128675101333024514.public.json	246D7D6DD9E63B1999893CF1CB368F6D1ADF80234B878898FB442E6A899A669A	164
app/batch/nullifier_runtime/c0d3c0a9ab802424225c1e4a9ba9725a825e36db15e3b480857843ea55bc7f14-batch-nullifier-transition.input.json	00E481291AEC38A086446B647BC1570CC5CA310CB4F1BFD15B85B1A7AAA48032	3464
app/batch/nullifier_runtime/c0d3c0a9ab802424225c1e4a9ba9725a825e36db15e3b480857843ea55bc7f14-batch-nullifier-transition.proof.json	1D5C02D02533391D06F64759F8B903F4F279339789C3A9BC893474F5166FCE3B	804
app/batch/nullifier_runtime/c0d3c0a9ab802424225c1e4a9ba9725a825e36db15e3b480857843ea55bc7f14-batch-nullifier-transition.public.json	8DF022BB401B13E57D5EE89DC1EE83FBAE04EE44E126CBBBDD1D0DAE644CB320	165
app/batch/nullifier_runtime/c15c0cd220cfd2e033b14d5e9f6c9d4d68121aeb3c7004458c2b5b3696e8bf46-batch-nullifier-transition.input.json	00E481291AEC38A086446B647BC1570CC5CA310CB4F1BFD15B85B1A7AAA48032	3464
app/batch/nullifier_runtime/c15c0cd220cfd2e033b14d5e9f6c9d4d68121aeb3c7004458c2b5b3696e8bf46-batch-nullifier-transition.proof.json	E36C1414F060F74119B9044599FBF202FBD44A7CCDCD50FFD5BA61E5E7414C15	806
app/batch/nullifier_runtime/c15c0cd220cfd2e033b14d5e9f6c9d4d68121aeb3c7004458c2b5b3696e8bf46-batch-nullifier-transition.public.json	8DF022BB401B13E57D5EE89DC1EE83FBAE04EE44E126CBBBDD1D0DAE644CB320	165
app/batch/nullifier_runtime/c7339a55540bf31a6777830abaf1e92e9e927f53d9cd7cc012b01661d7a64759-batch-nullifier-transition.input.json	5357B99FDA3C0F3B989F658B4504E552DFCEF6BA043F82CAEC5B506E1FA01FE6	3464
app/batch/nullifier_runtime/c7339a55540bf31a6777830abaf1e92e9e927f53d9cd7cc012b01661d7a64759-batch-nullifier-transition.proof.json	B5932E18A88F2378BF63A1CC5D8E95775A203023B4009F7134E9F95C03F4743C	808
app/batch/nullifier_runtime/c7339a55540bf31a6777830abaf1e92e9e927f53d9cd7cc012b01661d7a64759-batch-nullifier-transition.public.json	4543DDEA2859FD03C48F16C0BF5F74886A6C8AB85A7E499D7E3B7BDD8F1C7190	165
app/batch/nullifier_runtime/cabb7d4b56c4ccb1728371949c519dcac9ca796f7cd3acf07e6c232bf7d4593e-batch-nullifier-transition.input.json	A6C1B36CD5BF1CAE5649BA3D2A8C69F53C3DE3C3EB5AA8FCCE5891AFFFFDE4B5	3540
app/batch/nullifier_runtime/cabb7d4b56c4ccb1728371949c519dcac9ca796f7cd3acf07e6c232bf7d4593e-batch-nullifier-transition.proof.json	55AC7AA0722E71913408712FB23F9B610A54E3B9503E6537E7ED2BBF4319AE81	805
app/batch/nullifier_runtime/cabb7d4b56c4ccb1728371949c519dcac9ca796f7cd3acf07e6c232bf7d4593e-batch-nullifier-transition.public.json	FEC9822B2CA0B6DB6CA662A9243AF410D7E8E7EFF98034CB16C084903143F6D5	166
app/batch/nullifier_runtime/d17bab6b7b95cfbb434fd546f2a85a61e7c5bdcce3b6dc5bcf158d3fac37ac63-batch-nullifier-transition.input.json	A6C1B36CD5BF1CAE5649BA3D2A8C69F53C3DE3C3EB5AA8FCCE5891AFFFFDE4B5	3540
app/batch/nullifier_runtime/d17bab6b7b95cfbb434fd546f2a85a61e7c5bdcce3b6dc5bcf158d3fac37ac63-batch-nullifier-transition.proof.json	6EFCDD483F3A724F0C019BB1CDEDBFB619EDF029AD342D95BD092A9F401F7EA6	807
app/batch/nullifier_runtime/d17bab6b7b95cfbb434fd546f2a85a61e7c5bdcce3b6dc5bcf158d3fac37ac63-batch-nullifier-transition.public.json	FEC9822B2CA0B6DB6CA662A9243AF410D7E8E7EFF98034CB16C084903143F6D5	166
app/batch/nullifier_runtime/d24f65cf4e8bd7efa9f1b2cc1262c5851f07e0795dc1808fcc303cdb05f95c84-batch-nullifier-transition.input.json	A6C1B36CD5BF1CAE5649BA3D2A8C69F53C3DE3C3EB5AA8FCCE5891AFFFFDE4B5	3540
app/batch/nullifier_runtime/d24f65cf4e8bd7efa9f1b2cc1262c5851f07e0795dc1808fcc303cdb05f95c84-batch-nullifier-transition.proof.json	885BF8B0FB49FD1ED80F5020E7BCC9C1D3B813BABBD97DF10551CB8CE43CD2E9	804
app/batch/nullifier_runtime/d24f65cf4e8bd7efa9f1b2cc1262c5851f07e0795dc1808fcc303cdb05f95c84-batch-nullifier-transition.public.json	FEC9822B2CA0B6DB6CA662A9243AF410D7E8E7EFF98034CB16C084903143F6D5	166
app/batch/nullifier_runtime/d8cceeaf25e1f8c7c3a6b6220ba3287aaa4f1f93b8adc0e2c7c361117ef06179-batch-nullifier-transition.input.json	00E481291AEC38A086446B647BC1570CC5CA310CB4F1BFD15B85B1A7AAA48032	3464
app/batch/nullifier_runtime/d8cceeaf25e1f8c7c3a6b6220ba3287aaa4f1f93b8adc0e2c7c361117ef06179-batch-nullifier-transition.proof.json	E4D246F5D3E34C19C547164C7643A2B499A95071BC3D04AD2ADAE52342634176	801
app/batch/nullifier_runtime/d8cceeaf25e1f8c7c3a6b6220ba3287aaa4f1f93b8adc0e2c7c361117ef06179-batch-nullifier-transition.public.json	8DF022BB401B13E57D5EE89DC1EE83FBAE04EE44E126CBBBDD1D0DAE644CB320	165
app/batch/nullifier_runtime/dbe47c116475d71c5089fa0b8e9b961c605f250fbcb207fd4aa417d09b5d1c82-batch-nullifier-transition.input.json	F5AD52240DBDFF8835ABBB00543399ED13CE8746F7B585097F4E8AB30F759CDC	3464
app/batch/nullifier_runtime/dbe47c116475d71c5089fa0b8e9b961c605f250fbcb207fd4aa417d09b5d1c82-batch-nullifier-transition.proof.json	A09200359B57A92E025BF1D4D64AC270BB1E489FF13E6162AE4B39ECB5D331B5	804
app/batch/nullifier_runtime/dbe47c116475d71c5089fa0b8e9b961c605f250fbcb207fd4aa417d09b5d1c82-batch-nullifier-transition.public.json	7C02241963B8E3E01A467607CE7A120A5ECEC44734042F4887BD6D73A2987188	165
app/batch/nullifier_runtime/dcbf08f3d6bd445abd12a0fbc777f72c8bd5ec1e2bc5b93c446e3135a710120f-batch-nullifier-transition.input.json	00E481291AEC38A086446B647BC1570CC5CA310CB4F1BFD15B85B1A7AAA48032	3464
app/batch/nullifier_runtime/dcbf08f3d6bd445abd12a0fbc777f72c8bd5ec1e2bc5b93c446e3135a710120f-batch-nullifier-transition.proof.json	C83E97CC69283C920E705200F9FB92743F636F7A25C59BD9A9C18806C6B73258	802
app/batch/nullifier_runtime/dcbf08f3d6bd445abd12a0fbc777f72c8bd5ec1e2bc5b93c446e3135a710120f-batch-nullifier-transition.public.json	8DF022BB401B13E57D5EE89DC1EE83FBAE04EE44E126CBBBDD1D0DAE644CB320	165
app/batch/nullifier_runtime/df50b8638c28ecd49d005b301424ad05582f970ad02c0085471258dda22b6674-batch-nullifier-transition.input.json	00E481291AEC38A086446B647BC1570CC5CA310CB4F1BFD15B85B1A7AAA48032	3464
app/batch/nullifier_runtime/df50b8638c28ecd49d005b301424ad05582f970ad02c0085471258dda22b6674-batch-nullifier-transition.proof.json	907046B71DF7DA7BFACBD4B35C3A7E27A835960E82D83DE03CF8D546F7B076C7	804
app/batch/nullifier_runtime/df50b8638c28ecd49d005b301424ad05582f970ad02c0085471258dda22b6674-batch-nullifier-transition.public.json	8DF022BB401B13E57D5EE89DC1EE83FBAE04EE44E126CBBBDD1D0DAE644CB320	165
app/batch/nullifier_runtime/e03f1328d2dfc4f93d00b9220555ee892373de2af05247e400c40643a10e4d31-batch-nullifier-transition.input.json	00E481291AEC38A086446B647BC1570CC5CA310CB4F1BFD15B85B1A7AAA48032	3464
app/batch/nullifier_runtime/e03f1328d2dfc4f93d00b9220555ee892373de2af05247e400c40643a10e4d31-batch-nullifier-transition.proof.json	9A0AD139D6E6F78A29D92E9E9A0B746E5D792D6B074C08D1BCF05C792F74E26E	807
app/batch/nullifier_runtime/e03f1328d2dfc4f93d00b9220555ee892373de2af05247e400c40643a10e4d31-batch-nullifier-transition.public.json	8DF022BB401B13E57D5EE89DC1EE83FBAE04EE44E126CBBBDD1D0DAE644CB320	165
app/batch/nullifier_runtime/ed787084fe36d20e3d0d91d56ff6ed222a4ac97709a3319ed857bc682a29ff07-batch-nullifier-transition.input.json	00E481291AEC38A086446B647BC1570CC5CA310CB4F1BFD15B85B1A7AAA48032	3464
app/batch/nullifier_runtime/ed787084fe36d20e3d0d91d56ff6ed222a4ac97709a3319ed857bc682a29ff07-batch-nullifier-transition.proof.json	981F6083CF8AFC6A3B53286A7A5CD647EC6E61BE6ED93EFB9F53BB0BCD3EBDB6	803
app/batch/nullifier_runtime/ed787084fe36d20e3d0d91d56ff6ed222a4ac97709a3319ed857bc682a29ff07-batch-nullifier-transition.public.json	8DF022BB401B13E57D5EE89DC1EE83FBAE04EE44E126CBBBDD1D0DAE644CB320	165
app/batch/nullifier_runtime/eda99cdd7d59916f62c45a406e41440fbbfb6b9b22aa9f7137193167ef25af33-batch-nullifier-transition.input.json	5357B99FDA3C0F3B989F658B4504E552DFCEF6BA043F82CAEC5B506E1FA01FE6	3464
app/batch/nullifier_runtime/eda99cdd7d59916f62c45a406e41440fbbfb6b9b22aa9f7137193167ef25af33-batch-nullifier-transition.proof.json	9DE9209E1BFB9EBCAA011D135B194375DA596DCB81202ED44DC8B7F03F055A22	805
app/batch/nullifier_runtime/eda99cdd7d59916f62c45a406e41440fbbfb6b9b22aa9f7137193167ef25af33-batch-nullifier-transition.public.json	4543DDEA2859FD03C48F16C0BF5F74886A6C8AB85A7E499D7E3B7BDD8F1C7190	165
app/batch/nullifier_runtime/f156eb6f3dfc94a529f2364ca3e7bdf57f367795585dc90bbf55637ae9704390-batch-nullifier-transition.input.json	00E481291AEC38A086446B647BC1570CC5CA310CB4F1BFD15B85B1A7AAA48032	3464
app/batch/nullifier_runtime/f156eb6f3dfc94a529f2364ca3e7bdf57f367795585dc90bbf55637ae9704390-batch-nullifier-transition.proof.json	74E9854F8D4E3A6F9B1ECACE89A17E7EB3D38F5F031A1222CE8EA8696BB52F8C	806
app/batch/nullifier_runtime/f156eb6f3dfc94a529f2364ca3e7bdf57f367795585dc90bbf55637ae9704390-batch-nullifier-transition.public.json	8DF022BB401B13E57D5EE89DC1EE83FBAE04EE44E126CBBBDD1D0DAE644CB320	165
app/batch/nullifier_runtime/f8290b0fba783e0a53c806134ac46160d9bdfcf8d3c6c8409ad66a152288a9c7-batch-nullifier-transition.input.json	A6C1B36CD5BF1CAE5649BA3D2A8C69F53C3DE3C3EB5AA8FCCE5891AFFFFDE4B5	3540
app/batch/nullifier_runtime/f8290b0fba783e0a53c806134ac46160d9bdfcf8d3c6c8409ad66a152288a9c7-batch-nullifier-transition.proof.json	73E80011E1304FD148430924C4042367154D9039B48BB284D87BB923E19D3B06	806
app/batch/nullifier_runtime/f8290b0fba783e0a53c806134ac46160d9bdfcf8d3c6c8409ad66a152288a9c7-batch-nullifier-transition.public.json	FEC9822B2CA0B6DB6CA662A9243AF410D7E8E7EFF98034CB16C084903143F6D5	166
app/batch/nullifier_runtime/ff0d4cbfd4ae3bdffe0424f084bd2df56c4259ccc2967179453a4a49762241c7-batch-nullifier-transition.input.json	00E481291AEC38A086446B647BC1570CC5CA310CB4F1BFD15B85B1A7AAA48032	3464
app/batch/nullifier_runtime/ff0d4cbfd4ae3bdffe0424f084bd2df56c4259ccc2967179453a4a49762241c7-batch-nullifier-transition.proof.json	A995BDE7BD9EF88CFBF86449D88A5BEA6F9F28D15A38F6AB18338652607943B9	807
app/batch/nullifier_runtime/ff0d4cbfd4ae3bdffe0424f084bd2df56c4259ccc2967179453a4a49762241c7-batch-nullifier-transition.public.json	8DF022BB401B13E57D5EE89DC1EE83FBAE04EE44E126CBBBDD1D0DAE644CB320	165
app/batch/nullifier_runtime/ffa3ee0e41d7752ef3d19d13ec5aa61d819be52ba29b1395307d1779165f231c-batch-nullifier-transition.input.json	00E481291AEC38A086446B647BC1570CC5CA310CB4F1BFD15B85B1A7AAA48032	3464
app/batch/nullifier_runtime/ffa3ee0e41d7752ef3d19d13ec5aa61d819be52ba29b1395307d1779165f231c-batch-nullifier-transition.proof.json	3B5910C34204ED5C67B46AD6EEE176AD286CA24FCB3B001112077C2398F982EC	807
app/batch/nullifier_runtime/ffa3ee0e41d7752ef3d19d13ec5aa61d819be52ba29b1395307d1779165f231c-batch-nullifier-transition.public.json	8DF022BB401B13E57D5EE89DC1EE83FBAE04EE44E126CBBBDD1D0DAE644CB320	165
app/batch/nullifier_runtime/fullfield-A-fresh.input.json	00E481291AEC38A086446B647BC1570CC5CA310CB4F1BFD15B85B1A7AAA48032	3464
app/batch/nullifier_runtime/fullfield-A-fresh.proof.json	320561E5D1206A7CA6DE67649625770312E0C1507550FF782CAD7767F1DFD7E7	804
app/batch/nullifier_runtime/fullfield-A-fresh.public.json	8DF022BB401B13E57D5EE89DC1EE83FBAE04EE44E126CBBBDD1D0DAE644CB320	165
app/batch/nullifier_runtime/fullfield-B-duplicate.input.json	094EE15B0B5CA210A9B9FE6E9E606A6F7CF5C4A7806E24F3949B9E80E81231A3	3465
app/batch/nullifier_runtime/fullfield-C-tampered.input.json	C1F0C348178D02D644186D353E9F807F4071293129B997AC0D1F09B6373EE5C8	3464
app/batch/nullifier_runtime/report-A-fresh.input.json	16733B622C693D869AB815A2E41488347A641E02ED09A6D1BD7AD9B5C73D53DF	3331
app/batch/nullifier_runtime/report-A-fresh.proof.json	7759184D29EA54862A9E76220BE0180BA0116F8C1E2F365158D90B22133A64AC	802
app/batch/nullifier_runtime/report-A-fresh.public.json	D42503DD1236708E1553373776C8190305A729A67C1AEA730421786207A6B41E	98
app/batch/nullifier_runtime/report-B-duplicate.input.json	CEB762A99C4F456992B918247916C0D91073339DDFE4741AD0B3D02E6635E840	3331
app/batch/nullifier_runtime/report-C-tampered.input.json	0245DEE7FEAFB54BD84B98D89A7E1D4E1E17E0D959ED5618633DA88448BC2612	3331
app/batch/PEPPER_ROTATION.md	3E5759261D4715506CF6C61EDFA9D1D97EABEAA9E5D86A4E9007CB62E424AC5C	1281
app/batch/poseidon.py	2BAA9A7986BDE03BD5DFCE5C413E353EAF5C7C6314816E5A0BF3A6574741CFF3	3665
app/batch/poseidon_helper/Cargo.lock	01FE0F1F393EB5648F99C171A956F71E3B2F65CA6269C422FEA5997F9E77E260	12719
app/batch/poseidon_helper/Cargo.toml	4EA55005FBE953F69F70ED47F5331FC79D1CD3DF3754DEC43D6849DC0BB991A0	172
app/batch/poseidon_helper/src/main.rs	3F6E3A85356CFCB7DAFE17D1040F5BDD076954B838A1D9CDF1F694784A168E45	2426
app/batch/stubs.py	62ACE5B77715DA6F1F105D2472B14EB310BFF40FD1384B643F5A8418BD155E9B	2111
app/canonical_encoding.py	FFDC35D72EB88433768ADE622CE9B19347898D85D0EC04B9C0226049E5AEC40B	1688
app/dashboard.py	EB89F04B1DA5BAF2D7EEE383CCB0DFB93E8FD7B83932A914C6B277F34F185125	3112
app/generator_835.py	C2DDCE4CBEC2F5E7C1869A2F1A517712859EC7BE713FCD052C4EA013C870C3A8	3228
app/ingestion.py	E4A2AB2777A682FF06D378DB4D95D375A98CD9BF8AF1561CD776ABD60853CA7E	2822
app/models.py	6BD5BBA42D67087BC97CAE9D5DDEA7DD4F122DD79B5BAC462E00CCA01F39087E	1621
app/oracle_attestation.py	521028DC929FA12A2703EF8AB6411841A9522222801459AC6BC03E8998F76654	8559
app/orchestrator.py	DCE33B5F5BDB43B7953A6A56407D64ADEBD14C8C07FF3A933290825C8A1CFD51	4801
app/production_binding.py	2A206A64FE402E27CB88D116E85D74FA0130477CC14972D34A7F3C4A32BC9F51	16781
app/production_readiness.py	0D1C0EF733072CBAEA8215C23CD5590C632227D9326B134503A978CA105DBD59	2523
app/provider_alias.py	CF9BE8F272A9D55F217BADA08D6A47EEF2A886620CDACE4CD70F35627D4927CA	623
app/registry.py	61263D33C2682F9EE542CE9448E9EE2F4CF6A1CE74D6C2CBF4BE7C58050E8388	2676
app/rules_engine_adapter.py	5D06A4A9A20EA02ECB2A9AE8ECACD13EAEAAAA7411F76E8FFBCA7C6070531214	1322
app/rules_engine_fallback.py	B541D8078F524FCCF3E19627BBA858AA7FC73F9BDA18775B3151A56E548030FC	3043
app/shared_context.py	F0140D85EFC62021E08F588B2A0794E8E1DFA273D8CBDA0F1941BA00BC040206	9093
app/stubs.py	7F3E34FBBC542787F7EB4C8CE0E8E69434BD0DF0D34F75C77A50BFACDF240DE3	2298
ARCHITECTURE.md	FE548AC59AC1058689C38EF6038F1D91C10D7297AC7631F1847F31D3F7F604B1	2621
BUILD_REPORT.md	A20F171D4DA47404F870687B2F0AF7D1522705641A6B1639FE3668659EFC7399	2364
careful_track_action_map.md	974499F1260B91ACD2BBB8AE198AA8AB042308E1B50DEB974B9E8BABFA4A91CB	6882
COFOUNDER_HANDOFF_README.md	76564FB40D810519B9F0111D9C25259C77E0E3B01298BF6F50DD79F738D8A50C	7109
contracts/foundry.toml	CCED23714511470D5DE8D1ECAEA06EC2A678BCE365FEE90D2593CD8F666188EB	133
contracts/src/batch/BatchClaimsRegistry.sol	43347BCF2E09225CB914C058B4FB38F682A608362A9D5B18E609D9F12DECE1B9	14982
contracts/src/batch/BatchGroth16VerifierAdapter.sol	37A16B85D9F216CC798FEA804A741E705B93BE8FA6BBBB565DD20D2726027C11	1131
contracts/src/batch/BatchPaymentTrigger.sol	2F6B6CDC6B4322CA730FD029061E49C2549E24762A2B5D51270F366345B1885D	6388
contracts/src/batch/BatchStubVerifier.sol	F4FADE3D1C215F2FBDC2CA519069D84687186DE773369564DC5322B039256942	685
contracts/src/batch/IBatchVerifier.sol	F1EF2058D48DB5D67ED0B2181465C6276D22A3B671A877D88341C329AB3426BF	389
contracts/src/ClaimsRegistry.sol	33F151FCF243C50643406E261324738DE2BC440EF9DEC1590CCE74DF395092B3	1157
contracts/src/ClaimVerifierAdapter.sol	0378822F2B3DDEB8DE07F43DC9FBF166115A7CA27579095B10A0AF3E5E85A79D	807
contracts/src/GeneratedClaimVerifier.sol	CDB5E11DCDAB8D7EBF53321B6E41FBAADD6B2A8F51604B1581F017C2685790E3	8231
contracts/src/GovernanceRegistry.sol	2C127135CF5E55E0BC2E0B0BBD807C8F49B2026CA58DDBED455E404AF8C901F7	4792
contracts/src/IBridge.sol	1815F5414EDEDA9404927805C7974E16D1D38B919DF317F7450BDF86B7267E1D	1143
contracts/src/IVerifier.sol	A0A2F80FC829F8D90E2063B8947F242C1B19F2EE29AFC68EA5449B26324E2A81	188
contracts/src/PaymentTrigger.sol	5D909C392E90B9E2B53904FE33B22B54F7C77186DBE32149E719E126672C3322	656
contracts/src/StubVerifier.sol	C6D1B10974B25F1D0415FE3B5C803D4556B8E2DF5BAE23750349A0082C5515E7	297
contracts/test/attacks/BatchAttack.t.sol	EE3FF8FDB0E474D4320EC2A18B14737C56189BCD04837E7F9E60AAAE29E34AA1	19767
contracts/test/attacks/OpenEndedHunt.t.sol	7CC08B13A9288D08AA8D48B4D9D072C073F42427CDFBB5BB9FCB9092D0A837BF	11260
contracts/test/batch/BatchLayer.t.sol	624F462558B907B5F7AFF539679A145BDCAE03B8FF2C9E4719A44FA11664064E	29978
contracts/test/ClaimsRegistry.t.sol	F539C04D4101E7A1997D91B394431910C63B029A6D8044F8094534863F31BCF9	10397
dashboard/index.html	A8DB4DF9EE45A04ED8949B32AE53EE8F1731254B29F9AB5F3827F97F981168DF	1762
DELIVERABLE_MANIFEST.tsv	B63ADEEE984DA9634919CC09913ABD724AEF3ECC2D1AA4D21711A9529960E5DA	3560
demo_output/adjudication_result.json	D92F72266069906E09D2176E8C77424B30511A45164F502B2CAD681C75982565	1383
demo_output/claims_registry.json	AAF46213AEBDC7B884615723035C29CBE41C90F035CF816E09DAA3584F78AAD9	217
demo_output/dashboard_state.json	CF73A3CA9C3FCCE4F5E6734D7805E2C87E6DBDCD188184C5B81C6B42489D39B2	134
demo_output/demo_result.json	213CE44F047A8E5045096EA5D7958CE1F92F5F4F8AE02D4F89E14DDA80815D10	2219
demo_output/deployment_addresses.json	A754904EE189E119C0AAE63BF4227F61570D362606BC50544DA6FF45A3F9E7B2	437
demo_output/proof_bundle_stub.json	BABD4BCABD6BE1732B8B15CAF86217922B686761B88D1C19F71DFE5334B4AAC7	315
demo_output/remittance_835.edi	07BB6D833B4FC589507593A4190F9BF18E7C5FBBCB19DDA1E140F10C91F14FEC	440
demo_output/shared_context.json	76EF2F049DB4B589E6D6C44BDF46352537AA706FDC5C02945ADE38D3360E431D	706
demo_output_rarc/engine_agreement_summary.json	DBA1F997B64D9AE1892073FC5FE310A6C04426DBE7963DFAB72A0BCFFB42E9D4	4146
demo_output_rust/onchain_result.json	C6810B2D1CD9E6B56E2E036759F648948796629533363A0A7BC8BA1E39B97080	5534
demo_output_rust/proof_bundle_stub.json	F1500D2D1A14C1715A979E611405C9036ED2B4681520C889AE3DFD35975903D4	315
demo_output_rust/python_fallback_adjudication_result.json	D92F72266069906E09D2176E8C77424B30511A45164F502B2CAD681C75982565	1383
demo_output_rust/real_e2e_summary.json	772C880468581F4F1BC06870EF35F7FF0F9EB5074FF4EB961885D7C376BB8543	3448
demo_output_rust/remittance_835.edi	07BB6D833B4FC589507593A4190F9BF18E7C5FBBCB19DDA1E140F10C91F14FEC	440
demo_output_rust/rust_adjudication_result.json	A5AFC8E453A899162B748A4528362CF181BBC869F4D7830A231F0833770AC985	1176
demo_output_rust/rust_vs_python_agreement.json	29E040064E4958C9C24B93D1958946F98602FDCE0F489099D9245576ABFA6417	2221
demo_output_rust/shared_context.json	76EF2F049DB4B589E6D6C44BDF46352537AA706FDC5C02945ADE38D3360E431D	706
l2/anvil.devnet.json	CC459A76DA3647DF96F6D7473E5635711BC56A6F88A5A23C346DF6296042F6CA	791
l2/deploy_local_anvil.ps1	8758C769FC636A8908F716B2E9971BF7033F2F138D5209462D7A534F9369E9FB	2643
l2/deployments/local_anvil_deployment.json	9072866C16A781095F58CA3A503295B685E130BC6C70A507D08821EFFF44259E	668
l2/ethrex_devnet_notes.md	B143E1D639624DC311452DC942E8D16980B8061D0C61177B9DF9A899A4C982F4	1231
PRODUCTION_LANE_DECISION.md	0C03347153F2D4644DD9A05BEAE6D16A0D50424FAB665352F52B07FB8011E31D	2399
rarc_mapping.tsv	2D68D7ADCD9D1474BE803FB3D873238604D0E8587C5928BFE32213B3EC681476	3030
rarc_ratification_proposal.md	694635EBDD5277AD389534C6EC808EF7F0F115052929B0E9771CB91551C648E1	7524
README.md	6B563E29A10A5E66A87D5B84F004601A00C52A4937AEECA6DAB8DADDD8C81C8B	1745
reconciliation_plan.md	52E1539D9076EB73A736CB19B8D2114AD73F0CF7618942388CEAF36E3803D688	7042
requirements.txt	9425866F08B16DDA2D3420A642724F6C03EE6826868663DDC1E7CC50F90B7B02	29
rules-engine-rust/Cargo.lock	41F3EA56CF81155CFFBF915A52DB129686EA62B497DC6057676079BEB7B43068	2684
rules-engine-rust/Cargo.toml	F689AF3ACF78BC720D738A32A77C4FDF7A761CD9674A6145F95941F88C1D54EA	277
rules-engine-rust/src/lib.rs	FA0C35ECF0CA9284895D18A6FCA972B44165329EC381A2A86AFEA418E184D550	11816
rules-engine-rust/src/main.rs	95F3EA96F991BE346C32C87D958C2807DD6726C29909E967EA51AB07E71AF1C1	367
rules-engine-rust/tests/gates.rs	5AAD34947EECBA68A5FBDF115E39C2F4BE6DD151659C56CC00879C73B09B2989	1632
sample_claim_input.json	7376DF7946560DF02B1640F995CF2A9DD1CF0DD8FE382489413FAA7C25C1F910	703
tests/attacks/test_batch_attacks.py	EC7BE6E69636C497E58DAD8B8300644AFEFD61F2958708EA02422080723B65B5	15040
tests/attacks/test_combined_dual_path_attacks.py	1587C415ABAFFDF7CC771BB4FF06DC519B0DD390C6088450C65A603CDA292E30	6540
tests/attacks/test_deep_original_attack_hunt.py	89655DD927EF1FFF0FF6604A9CAF4C22B5F5FD40C195D453C40839363A5BC0ED	7693
tests/attacks/test_fresh_whole_app_attacks.py	049223CAC02215066C2F28AFD4B5B982C6B23A6DFA56C1AC30677A79BA956AD4	4394
tests/attacks/test_fullfield_nullifier_attacks.py	79C09B7D50D31C6C05447565284B533F5EFE2E9BE00197856C6293B77D8E14B7	3841
tests/attacks/test_handoff_full_flow_attacks.py	FB2A886DC69A6540EA7A0CACFE7DCA6BCD61FA3C5F812E60A159EEBE9D03DA33	5348
tests/attacks/test_harder_attack_surface_hunt.py	29ED1EA535DAFB26ED9984F43512A482F2804F299BC40A03F3CEED5408DB7A0B	7113
tests/attacks/test_new_architecture_security_hunt.py	1B2BD64FAEC2CF519F1547FAD94B1E7833B826954FB040AC610AFC8AB1CF49C0	1972
tests/attacks/test_open_ended_adversarial_hunt.py	1C2392B2215A7CFCEA0624D6DC77DE2619CEA2A9B78820DF39095B22363EABB8	8512
tests/attacks/test_phase2_fixed_architecture_attacks.py	32C1B786420FE9ADACFCD73C3FD20964F1D4898B5239AC23DD771780EB2864B2	7225
tests/attacks/test_sp1_execute_mode_attacks.py	4184F9032B1EA5BB2C28DD7DA96374190D191AA7D8C59A29612F448B6F665DF7	2052
tests/conftest.py	06730FC7EAE25FA6A3FC3A019FF9B4F3D7CFDD18EBA1F7F8EB6047129FD1CBAF	126
tests/test_835_generator.py	2A615C8BF174215B59C2927B2EA7FC288CE9EA084FE126D13A47CFA4F7062DCC	3806
tests/test_batch_layer.py	6494AFBB189920CF4E54718162CD750FC8084AB27B8DBEE2D07A02E2D5A875CB	19854
tests/test_consolidated_hardening.py	0AEB4D295A346CAEA5FE83FE2381A92F8CAD0D29B240FA8DDC0F357DD38FDC27	6140
tests/test_oracle_attestation.py	4E83C608893EA8F6356DF825570D1B4779E2F2428247145111AE80D2A28F312A	2585
tests/test_pipeline.py	E5AA0DAEF0527F3F653F6FDF002F89EA9C274B6C923C16AE6F9E51E1EE35CCFD	2332
tests/test_production_binding.py	E03F58B2B8D62299D884979BCBDB90984DA1C9490972BE4E6AD359E5391DC3BE	9975
tests/test_production_readiness.py	5D4F6BC143FF66FCD72FF70E75B451647328BB7A9D58E4D27E040D079AE4379E	3841
tests/test_rules_engine_coverage.py	864B84B24B8906B6D16C2195BC97010198412ADBDAD6B5D7A730D0ED82E9EEFA	7958
zk/AUDIT_AND_BUILD_SPEC.md	44059B614B23B25ACC5ED748E105363C8D38BB7CF4660B0CC8068BD9587C0905	6012
zk/AUDIT_HANDOFF.md	5288CC2E8FDD845FC21ED3A72F154439EC03AD90574E97BEE3D18843DE7C9B8F	5745
zk/batch_agg/aggregation_attempt_report.json	8730740A811302AF9F5088877AE81102C1D7E4BBAADD547E2AD3F61F989EA868	1987
zk/batch_multiclaim/artifact_sha256_manifest.tsv	3AE80CC43A4D390AC4CF0CA9F991398BB4B4931C8A1799ADB81051B3581B22FF	18359
zk/batch_multiclaim/batch_nullifier_nonmembership.circom	DDF4C3EB944B538313DF8637A7DEEC323223DD801FE579F9BD4CF7AB14EE8B2A	7747
zk/batch_multiclaim/extra_attack_surface_review.json	18279DF2C0705600E2E485DF3BD6E42DC7C221555849F9EC3640F8FEF55476F7	3617
zk/batch_multiclaim/generated/batch_nullifier_nonmembership_N1.circom	8A04D24A0348067B2F39B8EBF0A6EFF6F8B6406CA6325B5D1E4073A8792B77D5	191
zk/batch_multiclaim/generated/batch_nullifier_nonmembership_N4.circom	2F71F1F21BA15F1B8CFD9AFA74ABD38BBF6AE24B61B5A90F431953870B234D2D	191
zk/batch_multiclaim/generated/batch_nullifier_nonmembership_N8.circom	5A281701778B3F822E2CAD3B0271E6945710F8A0B3C5F7EEFD315F65A81921DE	191
zk/batch_multiclaim/inputs/N1_boundary_N1_accepts.json	F94541150E209D30CD973302BF6533E6D8AA9B50DFF9E0D7A007A566E265023F	7142
zk/batch_multiclaim/inputs/N4_all_distinct_accepts.json	4339E982AD0B4E422673B2C487C6DBEC8B58F09602D066C785339F729014B781	27081
zk/batch_multiclaim/inputs/N4_cross_batch_gap_root_rejects.json	BB62023F0E03B006660A59B6C3F3009C85DA11B7EA02527634E403DDC8E522AF	27248
zk/batch_multiclaim/inputs/N4_cross_batch_overlap_rejects.json	88753E449E5E5F7B9F91541DE885CB3FDC1BF7B2EAD9A3FDCA5CBB80A982F211	27171
zk/batch_multiclaim/inputs/N4_field_modulus_wraparound_rejects.json	9A72DED66C006A88F55486861A914F324A99B000196535BD8B8F28BD7CC42C0D	27082
zk/batch_multiclaim/inputs/N4_in_batch_repeat_rejects.json	4AE449A822393CE846A08ABDD6A731F0AB4F2F40851AE80BC96B5835EAEC8837	27082
zk/batch_multiclaim/inputs/N4_one_duplicate_existing_rejects.json	28DA3CA0B07DCB4B1D0DE175BE852DE7D2BDE90CB5614190C1DF1B880D496CEE	27236
zk/batch_multiclaim/inputs/N4_reordered_nullifiers_with_old_witnesses_rejects.json	E97268EB756DC7166765B34F87642D104B94A4E765E7D679491ED2A50F356C0C	27081
zk/batch_multiclaim/inputs/N4_scale_all_distinct.json	0E83F6425EB922664144EB895ECAA22FB218DF45352963437469D8ECDBDD5205	27084
zk/batch_multiclaim/inputs/N4_tampered_sub_witness_rejects.json	5EA7F2D10DDC128E3562A920BB2F8B2907A37A127F3305AF24D413F02EF91BC7	27081
zk/batch_multiclaim/inputs/N4_witness_malleability_insert_index_rejects.json	FB18825796E9733E14733BADF8DA6D6717937D400231D5F1F22DF4D1C459C119	27083
zk/batch_multiclaim/inputs/N4_zero_padding_slot_rejects.json	4B52487337E3435123C80E073E694008013FBE6430892E75B3EC70CE0F75C231	27006
zk/batch_multiclaim/inputs/N8_all_distinct_accepts.json	D615DA401BB2BA693BBA6C08696D0A554397D5C230B54F85CFF4D1272ACA1242	53825
zk/batch_multiclaim/inputs/N8_cross_batch_gap_root_rejects.json	3495B520D41BDDB0E93F9A139C1D847F06E9C7D1AE3B05C87876579D0E246E43	54065
zk/batch_multiclaim/inputs/N8_cross_batch_overlap_rejects.json	FAAC12A1A141E1451E2C4922B34EC618BCC013FB3A827FEE975C385AFF61C205	53980
zk/batch_multiclaim/inputs/N8_field_modulus_wraparound_rejects.json	5E0F203200AA1D3BC483B27E321F60FA1CB2C2AF851DE110C4ECB7788194A5EE	53824
zk/batch_multiclaim/inputs/N8_in_batch_repeat_rejects.json	7E4BCD7A7F96F9D218DFEBA4C95984B067833807B00BD58F89037FED0BE9A21B	53823
zk/batch_multiclaim/inputs/N8_one_duplicate_existing_rejects.json	4C9783E1A5A1530FB4BFCF7CAD847F33D926422444A86F5BF75808A828CFC456	53903
zk/batch_multiclaim/inputs/N8_reordered_nullifiers_with_old_witnesses_rejects.json	03E0BB026D4BAD7CB2086786CA97AA249B81DBFD03E2975D933E7C7B7D1CBBD7	53824
zk/batch_multiclaim/inputs/N8_scale_all_distinct.json	593013F631642A5768B58679DC2D9E057F595A3C826AC682E20A0C845C086C0A	53751
zk/batch_multiclaim/inputs/N8_tampered_sub_witness_rejects.json	B13283D95E6EC15AB97AA21B00EFBC5952676CF1A89F6F4BCDB358B9FC06EEA4	53825
zk/batch_multiclaim/inputs/N8_witness_malleability_insert_index_rejects.json	C850B3708E580F26ABBAE40C6F0D7DB3C3642658AEB61261A2D094B8ECEAEF7B	53827
zk/batch_multiclaim/inputs/N8_zero_padding_slot_rejects.json	93742898B1704347DDD198E3922838AA1E51CB13ED0B6D657A5116C994017FAE	53748
zk/batch_multiclaim/keys/batch_nullifier_nonmembership_N1_verification_key.json	1A35CE8FDB1C76C8395477DB1D519BF1924197BEAD4544318154649234DE438A	3292
zk/batch_multiclaim/keys/batch_nullifier_nonmembership_N4_verification_key.json	C1320F54B94CC7AAABF50FACC28DF5B133C71913B06B8E3089D4D9EB83C5ACC7	3291
zk/batch_multiclaim/keys/batch_nullifier_nonmembership_N8_verification_key.json	72F0BFA74DFFBFD7908C3A15E141FB674E4C346C1F3025293D8ED0CE752FFACA	3295
zk/batch_multiclaim/multiclaim_run_report.json	D48FD03AB40EADE2EFF305C25ABF7DEAB6FE23FCE83E28BAE1921B7FEC53E30E	18994
zk/batch_multiclaim/proofs/N1_boundary_N1_accepts.proof.json	6B061301CC117E3F7DA9C72D7B7938D27839BA81F0490D67011BB7F3F5612762	804
zk/batch_multiclaim/proofs/N1_boundary_N1_accepts.public.json	3E6A41D60A5EF8E8B79E83D1F32A288C085541DA9B2042B2A30071A1D9504D09	245
zk/batch_multiclaim/proofs/N4_all_distinct_accepts.proof.json	9ADFA3BDC4316B6F54F89D01E760B6446AA2B74AA304A01D236572A49CE7834B	808
zk/batch_multiclaim/proofs/N4_all_distinct_accepts.public.json	20F7BBA15822F2BF3EA4588CEC8CF7666EDD031330C56EF217350A233447B4E7	246
zk/batch_multiclaim/proofs/N4_scale_all_distinct.proof.json	502F157311D1B3AB8B357B969F0D10E2CD970D1E531C605F4D708DCF3CFA1C5E	805
zk/batch_multiclaim/proofs/N4_scale_all_distinct.public.json	B8FD1D4AC1F78267A7C779EAF704CE0BCAD129B11D3ECF2AAF197A370D672964	247
zk/batch_multiclaim/proofs/N8_all_distinct_accepts.proof.json	C77A8A3ABCC1447CB5B9B0AB67EFD815ABE34E015702D505DC60DD509056D452	806
zk/batch_multiclaim/proofs/N8_all_distinct_accepts.public.json	6C14E78CF1C6F4270354444BC9085577E6C818041B5476A7FD3CEBCEF74B7D28	246
zk/batch_multiclaim/proofs/N8_scale_all_distinct.proof.json	8025E8C673A85EB4855FA70FECFB8242EBE416ACDC8E168CB0227CFF8699E7BD	806
zk/batch_multiclaim/proofs/N8_scale_all_distinct.public.json	7AB8882929B2B47ED20D823DA94D964AACB72BF509D0E81C69268EFAD21FE08B	245
zk/batch_multiclaim/run_multiclaim.py	81C3CA7A68DF9B1C0C447F94E92314E4F3C8DCC44E7657FFE52712EC0116468E	21583
zk/build_nullifier/circomspect_nullifier.sarif	25B7C83E1D81086C0E46936585F059A97D0CC43FBE065093EB5396983146DEF7	298
zk/build_nullifier/nullifier_nonmembership_js/generate_witness.js	4995A2E6B01432F76182ABEC6A831FDAF7F840384035072002CCAA43101B14D4	697
zk/build_nullifier/nullifier_nonmembership_js/witness_calculator.js	CC2D37B2CFF2A589DD86F8636F1A1DC9FE4A854550B021AA0CEA2E235D14E942	10356
zk/circuits/claim_adjudication_core.circom	4E21B069685C462838F68EC5FAE635CA17B6307A7D1CF71AE28BE112F36A9893	3502
zk/circuits/deprecated/nullifier_nonmembership_v1_32bit.circom	97F335B491417FA3053A798A6B33E6AC2DD90F688BD06B4CD79F3DAC527A3892	2428
zk/circuits/nullifier_nonmembership.circom	F7D9411808665E35B3F0A73549421948B43982848B6EE4092759682804EE096D	3489
zk/inputs/approved.after_audit.json	3564111383C960EC76ADB1A670B0479546DFA3664C7174E339F686D45A2D3E3E	561
zk/inputs/approved.json	3564111383C960EC76ADB1A670B0479546DFA3664C7174E339F686D45A2D3E3E	561
zk/inputs/duplicateDenied.json	A4FDD1DDCEC476FD907CE467E984DC2DF3D2FE3A18855DFBD3FFCC463448FA1A	561
zk/inputs/ineligibleDenied.json	418EBA1BEBBB11FE398A868CCCED24D34D368A0FFB1EF28C39E48CBAEE7CB819	561
zk/inputs_nullifier/duplicate.json	6CB196C2B7F38025C2BAD3BB65B8938A4B1EEF3C2550D08D175263C8CE03CC09	3241
zk/inputs_nullifier/fresh.json	CD799BB7934D1DDBAA2EACF684B964F926B2A0CE24E3ED30A78C5D99B7AB284D	3242
zk/inputs_nullifier/tampered.json	75B5BF16ABE348FD0FDA26A71E1190C1F3BED1E62D936F2B9FDC5E6E220D3227	3241
zk/keys/verification_key.json	214064CCB55126C5B3E0FE5764C074B4B4B85817385170D60F3D8A58D645DD3A	3481
zk/keys_nullifier/nullifier_nonmembership_verification_key.json	D40CEB22494289494E05143DB1B9E15045C4101421C61D067A14D54A922CE69A	3113
zk/nullifier_nonmembership_report.md	D975E40951909E0C8BA0AD9EB09F8C754AA265EC66CF6991FB5320B640951E53	3897
zk/package.json	0315CE6751CD1911230F213977F0E3807059361C2BFB3F0F876FD1A42864BF2D	375
zk/package-lock.json	ADD5D88EEECBBE36452B5B6A448AF4719638B2169356261278E6A2442EA3F330	47788
zk/proofs/approved.after_audit.proof.json	98A3FE7345B5D710CAB0BCB084B1CDBBADD8C74248EB50D4E45B4BC9E3249E08	806
zk/proofs/approved.after_audit.public.json	86DC37E2F54DBD3F827CB712CA13ED3E6CE4D90E667F66A752474C7B4AF0AA4D	177
zk/proofs/approved.proof.json	D763978D57315B8AF32629263ECAB0A053CAE4678AB9065B6653FF579122F4D5	806
zk/proofs/approved.public.json	86DC37E2F54DBD3F827CB712CA13ED3E6CE4D90E667F66A752474C7B4AF0AA4D	177
zk/proofs/duplicateDenied.proof.json	4A9917AAA380F1C761DCBE06F4CFD2DB9E4923B70459DBE12099E31D96525AF3	805
zk/proofs/duplicateDenied.public.json	84CFB1382EB970D4ECA5C692556C6263E59A9B1736F74440A5B0F2AA1FFB6424	177
zk/proofs/ineligibleDenied.proof.json	E6CA87C5F2415F16855FDC949FABC978FC408CBFA6E1A613AD9058134872940E	803
zk/proofs/ineligibleDenied.public.json	F5A0047166C4119E42ADC1F7EB269156E1E4672707A15C4C177FFF27072F26AB	177
zk/proofs/proof_timings.json	AB073A3A456BC1B851DC449253F32EE1040277BCA33E1FF6467C53AE6CC0BCA7	423
zk/proofs_nullifier/fresh.proof.json	DEBEC74385372507B6B9125846DCF7AE9808A99B19E423582FEE9FFF834A6A69	805
zk/proofs_nullifier/fresh.public.json	2A6207C49680352E37F84CD2DC00D3FA371C299EC30793ABDDF013D25111BB81	91
zk/scripts/make_nullifier_inputs.js	02F507CD28AE3BCB31B1F5E454EBAE5CC4E0C039F684A6604B161671B931E5D7	4732
zk/scripts/make_witness_input.js	3FFA0ABC13523C972D395EE6B7087910D18F1ED9C09093DCCDBD220931A20D6D	2617
zk/scripts/soundness_checks.js	35CD875987D3EF530682BD48E44058D8EE59FC3CDCC21ED2C4A850661F665636	1413
zk/TRUSTED_SETUP_CEREMONY_PLAN.md	FA9D87461E01AE163634B955A29932292C5BA0D158F058424B4626B43322BC2B	4534
zk/zk_run_report.md	10AFBA4A9236168968AA3028DDC42B6FB6FD5878CD687F36795BAD3D9B6BA726	3152
zk-cairo-sharp/BINDING_CIRCUIT_CONSTRAINT_SPEC.md	2DE3F2073C086060D72CC321FA7A9CF58055A8128D771D0234E8500820B282E5	8414
zk-cairo-sharp/PROVING_STATUS.md	149615CD1F2140152D376C8167368CC12827AD599791610C25C44B7B09755ADA	1312
zk-cairo-sharp/README.md	65032F02577CEF7D67C9774928A64BD3F48C901F2E97B7838497603098DE1560	2423
zk-cairo-sharp/Scarb.lock	FF53F3FF8C739DFE844C38E2A72347AAEAAE257F27BCCDC2217938B60BD19588	123
zk-cairo-sharp/Scarb.toml	63A2B275DF6F0437BBE322235155423921DB728BA9D564D4F59EFD5075387D0B	250
zk-cairo-sharp/scripts/prove_approved.sh	18778ACC51B185CBCFEE3D4911576F822252867C7C07368BF79C94F388FDDB94	480
zk-cairo-sharp/scripts/run_attack_cases.sh	49B0B0ECDE55D31A56CEEAA8FFC7C6204BEF9D6D0D489B260AF3BBCBE2B0599A	2761
zk-cairo-sharp/scripts/run_cases.sh	69D561D5C8D2BA73DA99FF546F4B5C165CBF12EDED6FFFA2929EDF8AAF87337D	892
zk-cairo-sharp/SECURITY_ATTACK_NOTES.md	2FBA7A3068CF80DBB551901FF50419A7359276BB94AFFDBF8B4EE2E0142B6DDC	12191
zk-cairo-sharp/src/lib.cairo	0CB2A73D540AA3736AF1C3D70DD8338C2FB2DE0C769FC58286C99283EAB46D4B	14490
zk-production-binding/circuits/production_binding_v0.circom	D6582C223BF134A6D310B5A86858D4A55F58160D241998A3A2550C9BD51EDB7A	8901
zk-production-binding/circuits/production_binding_v1.circom	1B6C44487342AC1E473B51D5733CB36FEE106F16D9181E14CB05A9A2756A49FA	19578
zk-production-binding/circuits/production_binding_v2.circom	6A3D2A5921CA690B026A1460FBAC5E27CD13033D6EFEDDE482F9EC95754C6BCD	20445
zk-production-binding/inputs/approved.json	6F1F399659AFB9CDD13505A975A461DF05E3485BF5E9AFA936E72CECC30E9D47	1560
zk-production-binding/inputs/duplicate_denied.json	258AF675957ABAF422B03868294FA3BD8AA5AF0DDE147A7B4B79AA8A4E8AB92B	1414
zk-production-binding/inputs/fee_too_low_forced_approved.json	BA8C1EBBC062553718BE71B7AE3CD9C00DC56FA52A2C9382AE13B721C15B62AA	1559
zk-production-binding/inputs/recipient_swap.json	2132574FC6FBD5CAF8FD72D1EFD4B063EB630AFDBAD8AF9BC5971F741FA669AB	1560
zk-production-binding/inputs/tampered_oracle_root.json	3D507258DE0A05A28C3F1530B31C3BD0B762CC1795A8E0E2868ED657BA57ECA2	1493
zk-production-binding/inputs-v1/approved.json	5CE253A5A142F8930D593CA5C1C29FE641A7C8CE2E25937C71A9CFA8D8A6868D	6719
zk-production-binding/inputs-v1/duplicate_replay_forged_nonmembership.json	7CBB87DC3BE25DA4B4D87C516C25664D5B4E53BD6EC7320D15ED5413CC824CFA	6720
zk-production-binding/inputs-v1/fabricated_oracle_facts.json	5D3EC108EE4CC34478F29CA869D7EC4B13245A4FFB2EDED13D7797F8EFDD2C6E	6718
zk-production-binding/inputs-v1/fake_fee_ceiling.json	09BCDBD3FBEF2121A970DAA141682C2A546F961CDA0E12518F401D0F31683706	6719
zk-production-binding/inputs-v1/ineligible_denied.json	0F2859222EAE1BB68F1517243015F661DB8B0A32FCE6ECA4BB8E24C93EF586FA	6638
zk-production-binding/inputs-v1/overwide_amount.json	0447154BD87E92155939A4C65B00C920B67035F697E95993DAEF8E3542D517F2	6751
zk-production-binding/inputs-v1/prior_auth_bypass.json	B62FA30519D6841947B9A90F082E4312EE8F423BD4E1762C1F582F56499EBB74	6716
zk-production-binding/inputs-v1/recipient_redirect.json	97022ED7C11437E11E09B0612E3C264C0EDB2EF75596104DF8BE0EF7C9034053	6718
zk-production-binding/inputs-v2/approved.json	C1129011B086A38B9844B4F27711EBAB207E2DB2FDB5C737794DDEA4C81FA68D	7746
zk-production-binding/inputs-v2/duplicate_replay_forged_nonmembership.json	2858BA034A6791DDA71E8DBF7297959796106D23F7F524CD76B298D7C19E2504	7746
zk-production-binding/inputs-v2/fabricated_oracle_facts.json	E3A4441611CE9F44D40218145B8AF6EAFA2F43DC6B25290A193974179E2EBE6E	7744
zk-production-binding/inputs-v2/fake_fee_ceiling.json	84FD25A267D1F0BB29765A3FEC4B6CC15517E646172F900563259AF89DCE8535	7747
zk-production-binding/inputs-v2/ineligible_denied.json	48382A3838A5D07353BC7DBE772C769FECBD897C0BBA59CCC74C4B8413C82D65	7665
zk-production-binding/inputs-v2/member_swap_collision_attempt.json	3C19E91695EA32C655B8A92F85847BDB280AC5B43159588968E42494833A7812	7748
zk-production-binding/inputs-v2/overwide_amount.json	D85746DF0F01BFB7726B2B4F0EA0D76A85C7DD9FA84F585351C72B9DF5F58750	7783
zk-production-binding/inputs-v2/prior_auth_bypass.json	D6F1CC5E17091DEAD6ABD851A67965064CC14A63C7583D9B07C9AB8FA877BFC1	7746
zk-production-binding/inputs-v2/procedure_substitution_attempt.json	3A10849C4C8E94ABC434857F9FA0C93E0AEC736B10338F7D8502B923E1F1356E	7750
zk-production-binding/inputs-v2/raw_hash_double_pay_attempt.json	55EC32313961FFF0E0B80601C58292B8F351FFBC9014ACB00B26CD782D79C5E5	7746
zk-production-binding/inputs-v2/recipient_redirect.json	EBBDDCF913771D8F479CE9FB5F0EB0D73BF73ADDB68C94752236806D09C8AD4C	7746
zk-production-binding/production_binding_proof_report.json	92532DAFA83490C66BA66BEDF6C6082BBB0541D6590C102BFB98F73DC22A5D22	1153
zk-production-binding/production_binding_run_report.json	09EF523076768999AE920AAD4DB55C1CD22D47034742EBA734A85187719666EE	2647
zk-production-binding/production_binding_v1_proof_report.json	BD559446E8E681BCE311525C4C35B53FD3735866E0F8FDB9E73364F089D881AC	1160
zk-production-binding/production_binding_v1_run_report.json	34E45F15626C54F250BBD5FD954B3C28CFBCFB063ED91A413CF5AD4C9806BF77	4007
zk-production-binding/production_binding_v2_proof_report.json	B5B6802849C8019508EF458BB3A29E153BD9FC12458E7DE1F2C326BFAE5EC62D	1160
zk-production-binding/production_binding_v2_run_report.json	E0CDB407A93FD5E68E42F7471FDBF2A0C66C899BF0A5756EB5B2B8644D7C20D7	5092
zk-production-binding/README.md	8B1C7913C08D6BD82B63377C711A54262EA338D63186EEEC23889CC9065AD736	5045
zk-production-binding/scripts/make_production_binding_inputs.js	8408314E71868C15D911DB4DB7D1BA8FF8D56B2558BABBA32AC9224E6E6374C2	5316
zk-production-binding/scripts/make_production_binding_v1_inputs.js	D4C0DD0015798370515C8064921825D1CDB1E12EB94BDDCACB48F99A0978B442	11027
zk-production-binding/scripts/make_production_binding_v2_inputs.js	72F87807CD1BD71758B5C2CB562DC496CAF2C26DFEAC6E591267A4E852055574	12639
zk-production-binding/scripts/run_production_binding_checks.ps1	908F69E46D43978A59485E53F14A59CE2E3D36B4973B116C9158C6CE44759151	3509
zk-production-binding/scripts/run_production_binding_groth16_smoke.ps1	D3951798DEAB6829BB18B491028D0D1FE1775B1C82668BB2F03815913B721DB1	3321
zk-production-binding/scripts/run_production_binding_v1_checks.ps1	7F8A28E7A5F4713B70787F1E74C4755922051048BCF79F92C19AD279B9C2A068	4333
zk-production-binding/scripts/run_production_binding_v1_groth16_smoke.ps1	0325E1864FB9940872549F6EC4F864E38446798D0CA2DC34D1450671266B9FB2	3348
zk-production-binding/scripts/run_production_binding_v2_checks.ps1	CE52E932C3B46CB6D798ECDDF8F53477A68609FAC506F66CC3A95E79C7D4DDD1	5014
zk-production-binding/scripts/run_production_binding_v2_groth16_smoke.ps1	5BB516E13FF54DE4BF858EF0E566880A4956BDCDB4F7F0055538F1AE8F7F85AD	3348
zk-sp1/.env.example	FCD595BA2A7DE1D9F9DE425A339C184E0405A8BAC27725F65845DA0C391B7E46	526
zk-sp1/.github/workflows/foundry-test.yml	D3DFF159363101ED835C03E9FE5AB10B45D892C676320FAA111C433C20C208BA	732
zk-sp1/.github/workflows/prove.yml	03DFD483989C97B16BC4204DB159223449A0892159C4100A57016C32572E120C	1056
zk-sp1/.gitignore	0FF9DF3A24B1D4A74A2A9AA1D27E33576ED9B425BF815EDAF18937EE21555B72	196
zk-sp1/.gitmodules	724603E6A148FC022B7FAA94F4F616ACE087BF3CC50B6DC914A380133C3EFF53	276
zk-sp1/.vscode/settings.json	40773D8FE1F4DF5DEAC3A20C9154C8B8203E67C0BCD817079D6829118195AC02	702
zk-sp1/batching_rearchitecture_plan.md	46AF617818DA2305A01797EDE4576EDDF06EF68EAE938F50822F15AE66F02329	18026
zk-sp1/Cargo.lock	A36169275F5B5B144C970BE512E127B672C7DFC9C9AE53F069DB8CDB3D13FC0D	156215
zk-sp1/Cargo.toml	E5D320AEF63DAA1335A15BC2E0A1D173C9EC074FB9C6B7F912F18C65189920D8	114
zk-sp1/CIRCUIT_AUDIT_NOTES.md	6BC4278FC6E0780D674E81580063BCCBBA47802D13E18D0525F9625D893E6DE5	25276
zk-sp1/contracts/.gitignore	29131F082B3ED7998530DA01D781A621A344DEC85E0A4EB65847A998672D66C5	178
zk-sp1/contracts/foundry.lock	6295C43D0126CE156D53DA7345DEBE1F2E5A7374E7ACBD03B24530BF44010566	166
zk-sp1/contracts/foundry.toml	DADACA68319C933CE83315F7DC06105681195FD752DE35B2E3AD3D7DC70F120C	228
zk-sp1/contracts/README.md	377F2F4000EA3FA4894F512ADA91A6814D84888811D8D8506EA1BFD89ECA255B	2261
zk-sp1/contracts/remappings.txt	A7D1628E3B7FE87624907E5BAFF54CDA3EBCAA446BF0872C5252B5C3BEE006D1	50
zk-sp1/contracts/src/Fibonacci.sol	BE564E10F2B93F0F8927B47768AE013BE732B7D4E13DAF3F9589122B72B06243	1689
zk-sp1/contracts/src/fixtures/groth16-fixture.json	EE35AF16543EE044E6A9600251CC0767EBC268D2BD7530B82FBDB2DBCA4DE799	1065
zk-sp1/contracts/src/fixtures/plonk-fixture.json	2BC97DD5F3C9AB90B3186F0A1C342424E5371068254799B0231C3F62F287CD0C	2281
zk-sp1/contracts/test/Fibonacci.t.sol	219418206B175DC8F925B0A4B426843C1E476BC900A196FD580414CDA923F102	3395
zk-sp1/lib/Cargo.toml	7C50CFB30C8110B2543DD6FA49F065BE56922DD4BA9B1039B61A0D67D0366974	226
zk-sp1/lib/src/lib.rs	45BF72F04826CFD3D52A61B5252C2111EF656EB680CF0DA522F729A0FFCCA52A	6071
zk-sp1/lib/tests/sp1_guest_surface.rs	239B08D5A5C26A1C87151627B2E7FACD6B6781BA897E5223732790D6A0FD14C2	5371
zk-sp1/LICENSE-MIT	F3602A7EF71F5AAD5CB1640E0D5ED0BC89A3412CD99E825F6679B7FEBCA55290	1079
zk-sp1/onchain_verifier_strategy.md	72E7DAF914E3C36575DB36021BDA0A63015CE7C2EECB5C2C80DFA42CBD448969	9668
zk-sp1/PQ_MIGRATION_NEXT.md	7FE2B63BE0D95C5D44B9ED4CCA0B3F53DF361ED58BE80CD15DD7AA826C493F8A	1790
zk-sp1/program/Cargo.toml	9E8BFEB664D7CFC033FF50787160A9732866A78524703B72A23881F8940BA7BC	166
zk-sp1/program/src/main.rs	D2C8A621FCAE9E59B4EB8972E85B5D8D6F7A9E8F1189244B5AE5FCC00530BE96	477
zk-sp1/README.md	4E38B6E00CA76E313AA83AEFD00C1895D835AA2724490E296646BC304EE67B47	2489
zk-sp1/ROADMAP_AND_AUDIT.md	B2B6A69F9B9634F8FB00C9F91DEA91396497CFC99AAF014A2C6CBFF402A3502B	4360
zk-sp1/rust-toolchain	4415F5BCC3F634C4164975633D66C64B1788847D79917109878278F9FF8DD1A2	71
zk-sp1/script/build.rs	CA964185DDAB51B752B131D8839FA8402979B4411E7317D92FA9841DC38C79F1	117
zk-sp1/script/Cargo.toml	14DA6AFB07B628DDA25E7CCC67CCED434FD343719BA3E2D11B4E01206488A8FB	734
zk-sp1/script/src/bin/evm.rs	587F980846AA8C6121B40BFB188ED68FC4F06235C85B59C37D1F5236772AA72C	5328
zk-sp1/script/src/bin/main.rs	22AFBCF7B5E6BF29D30056C57B5324703CC69429E002E7A251BE5BE843E890C5	6832
zk-sp1/script/src/bin/vkey.rs	0ABC3A22FFC2FF449B2CDB2BEA7E1A2D6144B6AB79B2A2139D081F0E0102EA32	441
zk-sp1/SP1_ATTACK_SURFACE.md	4B6F25FF295F6DE203ED5B81266A47275FAED407A93D18E580CF5F3C6F5088B3	5104
zk-stark/Cargo.lock	9F9A09C2C55158CF11AE9842033FA2B2B8C368BEA1180D612E7B466E2A713452	11963
zk-stark/Cargo.toml	BF36A7387B1DAE15503A4D73BD9BF93083A0F8A034AD3C5985150CAA1ACB5610	238
zk-stark/ONCHAIN_STARK_VERIFIER_SPEC.md	D0251497CF5AC19FD5884F9BA7341334D9B705F4F29AF7C42C71B192F5CBF51F	5151
zk-stark/outputs/proofs/approved.stark	4C5E5D3F77E991EA66B198E2A60FF0290579738CD742FB3097CD062070A75133	103809
zk-stark/outputs/proofs/duplicate_denied.stark	D209CA399E82BA965C52C14C3FB07DAE9414759E6BE66370CF7DF7A751A4BD36	100591
zk-stark/outputs/proofs/excessive_charge_denied.stark	9146F30442714DC0296F9B5A0EF4F4F246738BC81FCDA881624A34E11086FC22	103675
zk-stark/outputs/proofs/ineligible_denied.stark	EAF19BBAE6D9F0A1DC1B0982A167EA15D99A6BB84356E42731186F6E300EA2CB	100913
zk-stark/outputs/public/approved.json	E1B51C6F1EF0E35112AB849D4E1C7DB3CF37BA91122F349FDD184431739A4135	186
zk-stark/outputs/public/duplicate_denied.json	17212644009C31BB4DB7464B86DC06733AA0C4F06BAC7637B1566E02722BEE3B	185
zk-stark/outputs/public/excessive_charge_denied.json	D2212C6D70B862978F3CD0108F7762946065E9D2E0BA0C7C7EA9A7499256384A	185
zk-stark/outputs/public/ineligible_denied.json	616B08AEA6B6418B465BE386D4769A46AD9E3E16766F8A119278A2F998FA6363	186
zk-stark/outputs/run_20260615T062532Z/proofs/approved.stark	7DB4C25847B09A32065809DAC1427C7D27A8351203B4F7B0E9EFC6C566BDED26	97883
zk-stark/outputs/run_20260615T062532Z/proofs/duplicate_denied.stark	FBA7F13ED591E8085977159C179E21D170DEBC431FC54DA783965D2061B81505	98143
zk-stark/outputs/run_20260615T062532Z/proofs/excessive_charge_denied.stark	6610EEA2C1EB705764CA4BD7AB3D0D9C4DA26068F30E2B47A9F2DF85855DE784	94731
zk-stark/outputs/run_20260615T062532Z/proofs/ineligible_denied.stark	D9CBA9577EFEE6265D5A8A7F8E7A41C790E3B2063437F06692AD6B434EC91990	100269
zk-stark/outputs/run_20260615T062532Z/public/approved.json	E1B51C6F1EF0E35112AB849D4E1C7DB3CF37BA91122F349FDD184431739A4135	186
zk-stark/outputs/run_20260615T062532Z/public/duplicate_denied.json	17212644009C31BB4DB7464B86DC06733AA0C4F06BAC7637B1566E02722BEE3B	185
zk-stark/outputs/run_20260615T062532Z/public/excessive_charge_denied.json	D2212C6D70B862978F3CD0108F7762946065E9D2E0BA0C7C7EA9A7499256384A	185
zk-stark/outputs/run_20260615T062532Z/public/ineligible_denied.json	616B08AEA6B6418B465BE386D4769A46AD9E3E16766F8A119278A2F998FA6363	186
zk-stark/outputs/run_20260615T062532Z/stark_run_report.json	4555717498A8E655E48F41A9268EE4C28BEE3036D6AD1F4ABC4195EBC431703A	3020
zk-stark/outputs/stark_run_report.json	629EFA5C4998BF2A9A292167CEDF63EE22A60A47F22871F1C1386E1294E95F48	2847
zk-stark/PATH_DECISION.md	472775DCF87245BC30A1951C5BB9033AB9A0AE8D77C30F600B977C9CBBC893D2	2373
zk-stark/README.md	110C82EC948DA779258081F0176C3E9D6BD1D694B0AB3EBB6A13B8DF5D9D68F4	1703
zk-stark/src/bin/hash_consistency.rs	DB4D7A490A136E50E6079CE06CC63C9DD6A494E5130A732D47FBCC1AFE5FC7F8	3212
zk-stark/src/bin/verify_artifact.rs	1E0FAB731AB6A28618F559B26D21B9B632E864A6465145743780CC0140577584	1984
zk-stark/src/lib.rs	C264FD09D0E412BC7E37C94FE3B93851B76A514A2A0ABA82380B56B90D84E0A8	24661
zk-stark/src/main.rs	704878757EA6A61C1201813DB8CD3E8E813B72D0770A68D8903000E6E9A62A1E	3733
zk-stark/stark_vs_groth16.md	2CCA9B803F48F4CBFC5D5D98E1C0157189B4788C12D12A904BB8C0EC64533E40	3728
zk-stark/tests/hash_consistency.rs	C4C7CBEC5A1F22E219B6BBD56B261F841BEE1EE6EF7DFA77DB8C86F73441B26F	1735
zk-stark/verifier/WINTERFELL_VERIFIER_PATH.md	9DE72D54AA98D5D5A0BCDED86AD55C481FE5569789CFB66783984B10802EB3F8	1464
